idContacto,email
1,twellum0@reverbnation.com
2,fpoluzzi1@nhs.uk
3,nespadero2@exblog.jp
4,ghatherill3@reuters.com
5,kclaricoats4@bizjournals.com
6,bmetson5@nifty.com
7,emcgarrell6@examiner.com
8,klogsdale7@feedburner.com
9,dglasscott8@livejournal.com
10,pbreckon9@themeforest.net
11,mgormallya@wikispaces.com
12,mfairbourneb@altervista.org
13,jmethamc@vkontakte.ru
14,tdurand@cdc.gov
15,aoverthrowe@columbia.edu
16,kgullandf@simplemachines.org
17,finking@webeden.co.uk
18,rwhiscardh@scribd.com
19,rroyali@imageshack.us
20,lricej@psu.edu
21,mmenichillok@nyu.edu
22,okunischl@nydailynews.com
23,hfarendenm@imdb.com
24,mrobberechtn@exblog.jp
25,jisleyo@pinterest.com
26,atyghtp@webmd.com
27,tsharpousq@issuu.com
28,kdyballr@gov.uk
29,ssims@edublogs.org
30,sworgant@cmu.edu
31,voconnollyu@upenn.edu
32,gdarnbrookv@a8.net
33,athiesew@cnn.com
34,ecrepinx@ovh.net
35,acarbryy@livejournal.com
36,nnuttallz@seesaa.net
37,cduckhouse10@pen.io
38,imabe11@360.cn
39,mforten12@yolasite.com
40,tricardou13@toplist.cz
41,rthacker14@chron.com
42,fsaurin15@cafepress.com
43,rcapps16@lulu.com
44,clazell17@wordpress.com
45,cphilp18@tripadvisor.com
46,hlefort19@elpais.com
47,dthoms1a@macromedia.com
48,esommersett1b@aboutads.info
49,lcoronado1c@lycos.com
50,celliff1d@deviantart.com
51,pstirtle1e@php.net
52,eakroyd1f@gravatar.com
53,wroche1g@instagram.com
54,jgery1h@unicef.org
55,klanaway1i@nydailynews.com
56,ocomiam1j@spotify.com
57,rmurrie1k@theguardian.com
58,kesslement1l@studiopress.com
59,tmaddaford1m@icq.com
60,omiddleditch1n@dagondesign.com
61,svoden1o@dedecms.com
62,ccaldera1p@nhs.uk
63,cknight1q@flavors.me
64,rburnall1r@washington.edu
65,wpantridge1s@example.com
66,jburel1t@posterous.com
67,pstokes1u@naver.com
68,mkynnd1v@odnoklassniki.ru
69,cdanielovitch1w@ocn.ne.jp
70,jfrise1x@reddit.com
71,ebaniard1y@wufoo.com
72,gdarracott1z@tiny.cc
73,mwhatman20@exblog.jp
74,aerrichi21@nymag.com
75,cscrine22@marriott.com
76,bcloy23@pinterest.com
77,aculross24@weather.com
78,frugge25@people.com.cn
79,jsheircliffe26@hostgator.com
80,cscourge27@nytimes.com
81,frenouf28@sitemeter.com
82,tmeasor29@ucsd.edu
83,eswatton2a@ask.com
84,hsandbach2b@vkontakte.ru
85,jbuckby2c@wikimedia.org
86,cbrendeke2d@xing.com
87,acosby2e@e-recht24.de
88,abentinck2f@artisteer.com
89,gcodlin2g@bandcamp.com
90,smenauteau2h@google.co.uk
91,bgandley2i@examiner.com
92,fmarkie2j@lycos.com
93,tmackegg2k@unblog.fr
94,tblatcher2l@histats.com
95,ycockroft2m@auda.org.au
96,awandrey2n@chicagotribune.com
97,lgraver2o@globo.com
98,cbigrigg2p@over-blog.com
99,thuckleby2q@amazon.co.uk
100,deardley2r@tinyurl.com
101,mespinel2s@pcworld.com
102,gcoakley2t@pcworld.com
103,cdennerly2u@pbs.org
104,dkettlewell2v@ovh.net
105,meye2w@archive.org
106,dcarlucci2x@salon.com
107,dscimoni2y@chicagotribune.com
108,sseathwright2z@parallels.com
109,mhanalan30@admin.ch
110,mmottram31@pen.io
111,ewherrit32@eventbrite.com
112,pwatling33@baidu.com
113,ncrannage34@vinaora.com
114,bpahler35@unesco.org
115,cricard36@ebay.co.uk
116,kflatman37@yellowbook.com
117,gmattson38@squidoo.com
118,bmattea39@123-reg.co.uk
119,bmeeus3a@t-online.de
120,cpashan3b@msn.com
121,rlung3c@foxnews.com
122,dpollicatt3d@bbb.org
123,sspeck3e@symantec.com
124,mwestmancoat3f@reference.com
125,lguiett3g@mail.ru
126,ecoey3h@zdnet.com
127,jkirvin3i@smh.com.au
128,rcodner3j@cafepress.com
129,sprowse3k@hubpages.com
130,dgladwish3l@hhs.gov
131,eyoskowitz3m@weibo.com
132,jvandevelde3n@geocities.jp
133,htenaunt3o@latimes.com
134,hcoleborn3p@dailymotion.com
135,abarok3q@omniture.com
136,cmordey3r@creativecommons.org
137,mgymlett3s@bloomberg.com
138,nhurl3t@comsenz.com
139,wdansey3u@ow.ly
140,ghellin3v@uol.com.br
141,brippen3w@bandcamp.com
142,jphifer3x@rakuten.co.jp
143,lsherringham3y@google.nl
144,hfeehily3z@dedecms.com
145,ktomasini40@plala.or.jp
146,raxcel41@wufoo.com
147,eambrosch42@wordpress.org
148,rsigward43@nature.com
149,osmeed44@com.com
150,wgooda45@umn.edu
151,ccotter46@vkontakte.ru
152,gbeltzner47@aboutads.info
153,hhadkins48@blog.com
154,stellett49@ftc.gov
155,jholleworth4a@simplemachines.org
156,aadin4b@miitbeian.gov.cn
157,cattiwill4c@kickstarter.com
158,hstarkey4d@istockphoto.com
159,bcluney4e@engadget.com
160,csandhill4f@delicious.com
161,aridgewell4g@slashdot.org
162,phablot4h@narod.ru
163,cdutnall4i@tamu.edu
164,mvoase4j@opera.com
165,hkilpin4k@ca.gov
166,crickhuss4l@sphinn.com
167,kchesswas4m@utexas.edu
168,marmall4n@blogs.com
169,rswatman4o@digg.com
170,jburghall4p@prnewswire.com
171,fpauletto4q@ftc.gov
172,kcappleman4r@nbcnews.com
173,fpinchon4s@istockphoto.com
174,mdrains4t@howstuffworks.com
175,kdimmack4u@aol.com
176,hpincked4v@archive.org
177,eguyon4w@time.com
178,dbudcock4x@toplist.cz
179,ascholer4y@trellian.com
180,pallen4z@bravesites.com
181,hsanti50@japanpost.jp
182,salves51@discuz.net
183,bkorneev52@ovh.net
184,ufotheringham53@reddit.com
185,beirwin54@hugedomains.com
186,tgiacobelli55@youtube.com
187,rcrossfield56@a8.net
188,fdodshun57@unesco.org
189,cphilip58@drupal.org
190,cleetham59@deliciousdays.com
191,brosenstein5a@bbb.org
192,jvelde5b@wikispaces.com
193,jmapledoore5c@alibaba.com
194,fbeese5d@w3.org
195,kreinmar5e@wisc.edu
196,lvanichev5f@techcrunch.com
197,hdanet5g@boston.com
198,tdollimore5h@tripod.com
199,dwhye5i@ustream.tv
200,gorrocks5j@dailymail.co.uk
201,iclimance5k@netlog.com
202,gbransom5l@stumbleupon.com
203,aallicock5m@sina.com.cn
204,tskellion5n@washington.edu
205,rlambrook5o@scientificamerican.com
206,aclash5p@clickbank.net
207,vshallcross5q@t-online.de
208,adobrowski5r@abc.net.au
209,chawkins5s@prlog.org
210,bvsanelli5t@wordpress.com
211,hzelner5u@telegraph.co.uk
212,cdishmon5v@princeton.edu
213,rgairdner5w@arstechnica.com
214,cboardman5x@google.com
215,gpavelin5y@bbc.co.uk
216,gjorio5z@nature.com
217,ubalnaves60@un.org
218,fleeb61@360.cn
219,bbedingfield62@live.com
220,tjost63@yellowpages.com
221,anockalls64@examiner.com
222,mgordongiles65@ask.com
223,hbaistow66@yahoo.co.jp
224,jpeattie67@yahoo.co.jp
225,econnealy68@freewebs.com
226,labella69@free.fr
227,jbarling6a@java.com
228,pgretton6b@vimeo.com
229,ggavey6c@mashable.com
230,kandino6d@e-recht24.de
231,bbridgnell6e@tmall.com
232,tkeedwell6f@apple.com
233,ywoodwing6g@mozilla.com
234,gghidoni6h@tiny.cc
235,kcastagneto6i@umn.edu
236,gcolquitt6j@earthlink.net
237,jhanby6k@blogs.com
238,msewter6l@elegantthemes.com
239,athicking6m@dot.gov
240,elandsberg6n@cocolog-nifty.com
241,cranns6o@delicious.com
242,ocoathup6p@altervista.org
243,gmaskill6q@parallels.com
244,otwinterman6r@nbcnews.com
245,kcaroli6s@bloglines.com
246,cfuzzey6t@51.la
247,rwassell6u@dell.com
248,rwarrilow6v@jalbum.net
249,gscally6w@networkadvertising.org
250,rhadfield6x@dedecms.com
251,rfollet6y@nature.com
252,hgoozee6z@scribd.com
253,clidden70@google.de
254,kyitzhakof71@mayoclinic.com
255,gcockren72@aboutads.info
256,scours73@tiny.cc
257,sclaypool74@4shared.com
258,padrian75@surveymonkey.com
259,pnewcombe76@behance.net
260,dscapens77@twitter.com
261,wtoombs78@nasa.gov
262,cwallicker79@ameblo.jp
263,npatient7a@istockphoto.com
264,fbonnett7b@lycos.com
265,ldegan7c@uol.com.br
266,bwoolaghan7d@mapquest.com
267,fbolliver7e@vinaora.com
268,wpriddie7f@hibu.com
269,jmulchrone7g@woothemes.com
270,amccamish7h@wordpress.com
271,sbushell7i@bravesites.com
272,shendrickx7j@slate.com
273,rdyble7k@nsw.gov.au
274,dwhitloe7l@live.com
275,mhurlston7m@seattletimes.com
276,fgodmer7n@hc360.com
277,dscorer7o@mit.edu
278,mbatie7p@amazon.co.uk
279,nchurchlow7q@princeton.edu
280,wbrum7r@sourceforge.net
281,urobertacci7s@dmoz.org
282,sbunclark7t@acquirethisname.com
283,omelmeth7u@epa.gov
284,hmacgow7v@ifeng.com
285,mhaster7w@cam.ac.uk
286,bfillon7x@ox.ac.uk
287,jhelis7y@archive.org
288,elawler7z@linkedin.com
289,acadogan80@mtv.com
290,cwhybrow81@typepad.com
291,sfarrall82@elpais.com
292,dpaterson83@infoseek.co.jp
293,mfeldklein84@abc.net.au
294,elinggood85@cam.ac.uk
295,tlyness86@umich.edu
296,cgabitis87@drupal.org
297,sbarriball88@oakley.com
298,pgofford89@slashdot.org
299,kcesconi8a@ustream.tv
300,lgallant8b@google.cn
301,acasazza8c@illinois.edu
302,bcoxon8d@cbc.ca
303,lfaulconbridge8e@symantec.com
304,cambrosio8f@trellian.com
305,edobbinson8g@apache.org
306,clovemore8h@de.vu
307,taddy8i@mtv.com
308,vsaylor8j@canalblog.com
309,jgalton8k@techcrunch.com
310,tranyell8l@multiply.com
311,apetchey8m@xing.com
312,gmaccoveney8n@macromedia.com
313,gdoubrava8o@cdc.gov
314,zhaywood8p@pbs.org
315,jsekulla8q@census.gov
316,ablackboro8r@networkadvertising.org
317,slaraway8s@seesaa.net
318,hsedgman8t@wordpress.org
319,bhaliburn8u@github.com
320,izuenelli8v@nationalgeographic.com
321,ewixey8w@chron.com
322,cphilpault8x@globo.com
323,arobottham8y@slashdot.org
324,lmackieson8z@newsvine.com
325,rwebland90@mayoclinic.com
326,knossent91@disqus.com
327,dbrisseau92@jugem.jp
328,oabrahamsen93@barnesandnoble.com
329,hdoxey94@blogtalkradio.com
330,agouinlock95@foxnews.com
331,mbarney96@yandex.ru
332,ebartelet97@usda.gov
333,amcgibbon98@jiathis.com
334,fbartosinski99@usatoday.com
335,censley9a@liveinternet.ru
336,cmcentegart9b@pcworld.com
337,tjeffries9c@marriott.com
338,dvala9d@jugem.jp
339,rknightsbridge9e@amazon.co.jp
340,flicciardiello9f@statcounter.com
341,iblaszczyk9g@home.pl
342,djanman9h@earthlink.net
343,wwrout9i@weather.com
344,ldonaway9j@yolasite.com
345,cberkelay9k@cmu.edu
346,arosenstiel9l@delicious.com
347,gcarmen9m@1688.com
348,wmcvey9n@zdnet.com
349,hdavage9o@1und1.de
350,cwoodyear9p@mtv.com
351,lblackburne9q@themeforest.net
352,hhadeke9r@accuweather.com
353,mdunkirk9s@dmoz.org
354,aloudian9t@ifeng.com
355,rfilov9u@a8.net
356,kportchmouth9v@howstuffworks.com
357,vferbrache9w@liveinternet.ru
358,ctodaro9x@chron.com
359,ngarter9y@ustream.tv
360,dmeale9z@yahoo.co.jp
361,rhuska0@forbes.com
362,screera1@independent.co.uk
363,ddewdenya2@cdbaby.com
364,flortza3@hc360.com
365,dgoaksa4@ca.gov
366,wfelkina5@statcounter.com
367,cthomersona6@hhs.gov
368,mattfielda7@mozilla.org
369,rbehneckena8@cnbc.com
370,cgofortha9@answers.com
371,nkilsbyaa@goo.gl
372,ahowittab@ed.gov
373,ddiglinac@umn.edu
374,svowellsad@rakuten.co.jp
375,dmaylingae@mapy.cz
376,krushmanaf@people.com.cn
377,pkeebleag@networksolutions.com
378,gbranscombeah@goodreads.com
379,phewertsonai@yandex.ru
380,rcaughtryaj@sourceforge.net
381,sdelaegliseak@ucoz.ru
382,acundictal@aboutads.info
383,friccardiam@tripadvisor.com
384,rbransoman@163.com
385,esuartao@meetup.com
386,espratlingap@youku.com
387,etewelsonaq@nifty.com
388,rhalletar@paginegialle.it
389,agyveras@weibo.com
390,hcarlssonat@taobao.com
391,lwelshau@jalbum.net
392,bpothecaryav@4shared.com
393,shufferaw@shop-pro.jp
394,whorribineax@nifty.com
395,kmcgeadyay@1688.com
396,jspandleyaz@drupal.org
397,dgostallb0@umich.edu
398,ryeob1@rediff.com
399,erogetb2@yellowbook.com
400,fbunchb3@mayoclinic.com
401,bfranksb4@discuz.net
402,nsouleyb5@is.gd
403,npatchingb6@merriam-webster.com
404,mglassardb7@toplist.cz
405,asolonb8@i2i.jp
406,rredpathb9@friendfeed.com
407,gshilstonba@photobucket.com
408,liwanowskibb@wordpress.com
409,bfeakinsbc@nsw.gov.au
410,cmustobd@adobe.com
411,hrumpbe@abc.net.au
412,dingreebf@wired.com
413,hchooterbg@myspace.com
414,lleitchbh@feedburner.com
415,oaggsbi@cdbaby.com
416,bscalabj@army.mil
417,ogallaherbk@wired.com
418,ebaldacchibl@lulu.com
419,mjerremsbm@artisteer.com
420,alissettbn@bing.com
421,rmatthewsbo@cdc.gov
422,dlowbp@multiply.com
423,jcroxallbq@spiegel.de
424,oellphbr@tinyurl.com
425,mdunstonebs@yelp.com
426,jmansbridgebt@wikispaces.com
427,madiscotbu@cbsnews.com
428,cseacroftbv@ox.ac.uk
429,ofillisbw@independent.co.uk
430,estolbergerbx@miitbeian.gov.cn
431,iakedby@mashable.com
432,mgajownikbz@gnu.org
433,ltennisonc0@intel.com
434,mhanscombec1@pinterest.com
435,mcoklyc2@ftc.gov
436,bstranieric3@tinyurl.com
437,gswitzerc4@census.gov
438,gmapplesc5@theatlantic.com
439,nerringtonc6@sciencedaily.com
440,grungec7@cbslocal.com
441,kgreenardc8@plala.or.jp
442,ffelgatc9@auda.org.au
443,bmarquezca@washingtonpost.com
444,soglessanecb@rediff.com
445,irintoulcc@miitbeian.gov.cn
446,smallowscd@slideshare.net
447,emeeusce@reverbnation.com
448,aduffitcf@nbcnews.com
449,sshrevecg@harvard.edu
450,bbyrkmyrch@fc2.com
451,qmartonfici@mail.ru
452,jscarthcj@scientificamerican.com
453,zpetrovicck@businessweek.com
454,sphillputcl@cbslocal.com
455,astallebrasscm@drupal.org
456,bcolescn@hc360.com
457,agodmerco@umn.edu
458,ijudgecp@bigcartel.com
459,tmccloycq@parallels.com
460,cskeetecr@microsoft.com
461,ymateoscs@mediafire.com
462,haylmorect@apple.com
463,lrowesbycu@tmall.com
464,cwicksteadcv@nymag.com
465,pamosscw@berkeley.edu
466,bscarfcx@merriam-webster.com
467,veastmentcy@usa.gov
468,cpoyntoncz@yolasite.com
469,athunderd0@360.cn
470,mdevlind1@so-net.ne.jp
471,ufiddimand2@wix.com
472,betteryd3@tinyurl.com
473,btoolind4@acquirethisname.com
474,kcloonand5@bloglines.com
475,wphlippid6@state.tx.us
476,mcoyettd7@telegraph.co.uk
477,lirelandd8@oakley.com
478,frivenzond9@salon.com
479,stowleda@google.cn
480,hhurichedb@goo.ne.jp
481,ehaswelldc@marketwatch.com
482,jrysdaledd@yahoo.co.jp
483,cfressonde@nyu.edu
484,mchaulkdf@nsw.gov.au
485,ericcarddg@drupal.org
486,jprieldh@taobao.com
487,sbranscombedi@live.com
488,owildmandj@vk.com
489,lleguaydk@tinyurl.com
490,ntauntondl@oaic.gov.au
491,acronedm@abc.net.au
492,dweekesdn@4shared.com
493,tleipoldtdo@google.co.jp
494,kcarltondp@go.com
495,gloveredgedq@wikispaces.com
496,adresselldr@google.com
497,droscowds@vk.com
498,rmacconnaldt@is.gd
499,dexeterdu@xinhuanet.com
500,sbuchedv@studiopress.com
501,ipiddlehintondw@ehow.com
502,wjockledx@psu.edu
503,cnoaddy@techcrunch.com
504,ngallydz@imgur.com
505,gsigginse0@unc.edu
506,lspurdense1@tamu.edu
507,lscneidere2@admin.ch
508,awhissone3@google.com.br
509,lguyere4@gov.uk
510,dcisnerose5@wordpress.com
511,mgaraghane6@arstechnica.com
512,mmcramseye7@virginia.edu
513,mgerretsene8@w3.org
514,cbirdseye9@usnews.com
515,rmaberleyea@dion.ne.jp
516,dballanceeb@goo.gl
517,jportchmouthec@reverbnation.com
518,charraled@sciencedaily.com
519,lcopinee@yellowpages.com
520,bglanderef@cpanel.net
521,ghulmeeg@desdev.cn
522,wphillinseh@macromedia.com
523,ckennedyei@webeden.co.uk
524,acoulesej@eventbrite.com
525,icolganek@wufoo.com
526,bmanganel@prweb.com
527,spackingtonem@cnn.com
528,abericen@mashable.com
529,lsenneo@sakura.ne.jp
530,rbeyerep@eepurl.com
531,nmaynardeq@tumblr.com
532,tmethringhamer@nifty.com
533,ibandyes@merriam-webster.com
534,fmaruszewskiet@hc360.com
535,aantcliffeu@tumblr.com
536,bhazelbyev@yandex.ru
537,cwoollamew@ihg.com
538,ghardwinex@elegantthemes.com
539,vstanggjertseney@godaddy.com
540,nlewisez@senate.gov
541,ppauleauf0@nifty.com
542,fgontierf1@tuttocitta.it
543,cstubbef2@economist.com
544,dcappsf3@exblog.jp
545,gdaingerfieldf4@slideshare.net
546,kstebbinsf5@mtv.com
547,pdrabblef6@furl.net
548,mbaldungf7@cornell.edu
549,pjanikowskif8@fotki.com
550,kmargrief9@scientificamerican.com
551,chumbyfa@bbb.org
552,feighteenfb@noaa.gov
553,agibbyfc@tripod.com
554,abramofd@trellian.com
555,nparkynsfe@pbs.org
556,cdelamarff@deliciousdays.com
557,achezellefg@chron.com
558,rpitfordfh@mashable.com
559,ritzchakifi@europa.eu
560,rgoefffj@adobe.com
561,afreegardfk@purevolume.com
562,rmellonbyfl@slate.com
563,kknottleyfm@diigo.com
564,astoodalefn@hp.com
565,stuerfo@icio.us
566,kheggefp@engadget.com
567,jsunderlandfq@csmonitor.com
568,kkiebesfr@typepad.com
569,lzuppafs@weibo.com
570,breadwingft@usgs.gov
571,rmorcombefu@photobucket.com
572,ncowernfv@chicagotribune.com
573,ahuikerbyfw@wsj.com
574,gkarlsenfx@tripod.com
575,ffrankhamfy@wunderground.com
576,fneseyfz@cpanel.net
577,bgilesg0@com.com
578,kfoulcherg1@newsvine.com
579,amattisg2@csmonitor.com
580,cvallintineg3@free.fr
581,mfearneyg4@princeton.edu
582,lgiacobillog5@squarespace.com
583,egrissettg6@flickr.com
584,tcowlesg7@liveinternet.ru
585,ogrinyovg8@barnesandnoble.com
586,cpatienceg9@chicagotribune.com
587,hdurrancega@sitemeter.com
588,ljeandingb@theatlantic.com
589,bcessfordgc@desdev.cn
590,aswarbrickgd@bigcartel.com
591,jbranthwaitege@symantec.com
592,bberrisfordgf@rakuten.co.jp
593,ccreaseygg@theglobeandmail.com
594,nshireffgh@cdbaby.com
595,cmaciagi@livejournal.com
596,bhuntingdongj@squidoo.com
597,bbrantlgk@multiply.com
598,thogbournegl@cnbc.com
599,cmcskeagangm@usda.gov
600,ldobbiegn@bbb.org
601,tmegsongo@bluehost.com
602,madeygp@bing.com
603,rabellagq@mapy.cz
604,traubenheimergr@addthis.com
605,ppickhavergs@bandcamp.com
606,fhorrellgt@i2i.jp
607,rdowdinggu@wisc.edu
608,kmarjoribanksgv@mtv.com
609,shudlessgw@ovh.net
610,mhearonsgx@phoca.cz
611,wlebondgy@jimdo.com
612,ohargittgz@sbwire.com
613,rstronghillh0@mapy.cz
614,ecoolahanh1@sakura.ne.jp
615,mmaccauleyh2@smh.com.au
616,lrosebladeh3@bizjournals.com
617,tsaylorh4@alexa.com
618,ckerssh5@tuttocitta.it
619,hstilgoh6@last.fm
620,gyearronh7@smugmug.com
621,fpartkyah8@zdnet.com
622,gtowndrowh9@youku.com
623,tdecaroliha@google.de
624,mwoollheadhb@nhs.uk
625,mcastelluzzihc@163.com
626,fdeningtonhd@reddit.com
627,keveretthe@fastcompany.com
628,hpocknollhf@wikipedia.org
629,rskainshg@lycos.com
630,sleacyhh@cloudflare.com
631,acompforthi@usnews.com
632,gcanwellhj@qq.com
633,efergysonhk@yellowbook.com
634,mcasarolihl@washingtonpost.com
635,nsewillhm@etsy.com
636,dliversleyhn@jigsy.com
637,cbondho@va.gov
638,rhatherillhp@chicagotribune.com
639,ereddihoughhq@china.com.cn
640,rdombrellhr@upenn.edu
641,dpeyrohs@ucla.edu
642,dsimondsht@mapy.cz
643,fgrevehu@webmd.com
644,hizhakhv@marriott.com
645,mfaulkenerhw@salon.com
646,hbucknallhx@imdb.com
647,carchardhy@buzzfeed.com
648,bmacartneyhz@wiley.com
649,lcrollai0@cisco.com
650,whampi1@google.com.au
651,mbemmenti2@mysql.com
652,nsimonassii3@woothemes.com
653,kbernettei4@last.fm
654,cbrachelli5@merriam-webster.com
655,ptetsalli6@multiply.com
656,gjecksi7@eepurl.com
657,cthorpei8@cdc.gov
658,wbrancai9@fastcompany.com
659,lsiemandlia@printfriendly.com
660,gkerriganib@g.co
661,gsyresic@woothemes.com
662,kbaineid@cnet.com
663,eourticie@networkadvertising.org
664,bwinterbottomif@sina.com.cn
665,jhumberstonig@illinois.edu
666,wkoeppkeih@tiny.cc
667,dplaideii@netlog.com
668,wmelatoij@123-reg.co.uk
669,aoakshottik@51.la
670,rboldisonil@unicef.org
671,csamartim@mail.ru
672,ccyplerin@mashable.com
673,ihabbijamio@mapy.cz
674,ctayloeip@facebook.com
675,tfellowesiq@dropbox.com
676,dphilcottir@un.org
677,acourceyis@webmd.com
678,hpynerit@redcross.org
679,gbeswetherickiu@wsj.com
680,rcasoniiv@yahoo.com
681,aneyiw@salon.com
682,cwhaleix@usgs.gov
683,jcrissiliy@constantcontact.com
684,jaberkirdoiz@smh.com.au
685,ahankinsj0@arstechnica.com
686,cludlamj1@cbc.ca
687,gfriesj2@phpbb.com
688,jfritterj3@ucoz.ru
689,kscantleberryj4@theglobeandmail.com
690,cjanskyj5@buzzfeed.com
691,pbravej6@spiegel.de
692,ttildesleyj7@odnoklassniki.ru
693,ldurtnellj8@woothemes.com
694,alidgettj9@redcross.org
695,hscopynja@soup.io
696,cfarlowejb@statcounter.com
697,gallibertonjc@multiply.com
698,hmacritchiejd@lulu.com
699,abefroyje@tmall.com
700,kmatchesjf@ovh.net
701,ehowroydjg@squidoo.com
702,sbruhnickejh@360.cn
703,bcabbellji@t-online.de
704,lbeatensjj@elegantthemes.com
705,hcollingdonjk@mozilla.com
706,cfergysonjl@cmu.edu
707,pboulsherjm@furl.net
708,sriddochjn@umich.edu
709,garndtjo@baidu.com
710,nroughleyjp@statcounter.com
711,floftyjq@seattletimes.com
712,felizabethjr@blogtalkradio.com
713,ccablejs@guardian.co.uk
714,gcoatjt@ezinearticles.com
715,lillemju@cargocollective.com
716,abemrosejv@bigcartel.com
717,kbrushneenjw@ibm.com
718,ecraigjx@va.gov
719,bbeloejy@wikia.com
720,rjohansenjz@washington.edu
721,dspiveyk0@illinois.edu
722,fmacdermottk1@squarespace.com
723,kkillwickk2@dedecms.com
724,sitzcovichchk3@oaic.gov.au
725,ptizzardk4@soup.io
726,xivanchink5@geocities.com
727,uyoxenk6@omniture.com
728,pberthomieuk7@wix.com
729,pszreterk8@chron.com
730,awinterscalek9@angelfire.com
731,ygalpinka@spiegel.de
732,jdunicankb@wp.com
733,eeadonkc@economist.com
734,neisenbergkd@squarespace.com
735,gthaimke@themeforest.net
736,mperronikf@auda.org.au
737,apiersekg@globo.com
738,afrenzlkh@yandex.ru
739,tprantlki@squidoo.com
740,glawleykj@squarespace.com
741,jmacfiekk@seattletimes.com
742,lweykl@stumbleupon.com
743,blednerkm@barnesandnoble.com
744,hjosofovitzkn@census.gov
745,mcleynaertko@earthlink.net
746,sjaggkp@businesswire.com
747,fthoweskq@macromedia.com
748,scoulbeckkr@sohu.com
749,bgeanyks@yelp.com
750,achansonnekt@hubpages.com
751,mcargoku@ask.com
752,apregalkv@xinhuanet.com
753,tcoldbathkw@webs.com
754,ghughfkx@reuters.com
755,dhaddletonky@163.com
756,gtinlinekz@wiley.com
757,cwimmsl0@barnesandnoble.com
758,rspinasl1@furl.net
759,eescalel2@oracle.com
760,kbernsl3@shinystat.com
761,smcgilvrayl4@tumblr.com
762,amacanel5@51.la
763,rakastl6@slideshare.net
764,gshilstonel7@sciencedirect.com
765,ycraikl8@topsy.com
766,wdevineyl9@booking.com
767,bborrettla@is.gd
768,jklehnlb@histats.com
769,hvanveldenlc@google.ru
770,aabsolonld@gnu.org
771,bberntle@lulu.com
772,rwallmanlf@ifeng.com
773,gnorthalllg@yellowbook.com
774,sduiganlh@vk.com
775,tprangnellli@apple.com
776,ugatherelllj@networksolutions.com
777,tloveardlk@dell.com
778,dstrivensll@prnewswire.com
779,kmugelm@go.com
780,wlittledykeln@cafepress.com
781,mhuggenslo@newsvine.com
782,jhilliamlp@si.edu
783,mcrudgelq@wiley.com
784,cmcgonigallr@toplist.cz
785,kmaccartls@chronoengine.com
786,hhayshamlt@census.gov
787,gskipseylu@google.com.au
788,lcafferylv@php.net
789,kfarranlw@discuz.net
790,ngavinlx@godaddy.com
791,speatmanly@reuters.com
792,pvanhaultlz@harvard.edu
793,sbasnettm0@psu.edu
794,ebattabeem1@discuz.net
795,plowdianem2@posterous.com
796,icantonm3@ed.gov
797,nrisbroughm4@xinhuanet.com
798,rcruickshanksm5@w3.org
799,ghospitalm6@ebay.com
800,kferonm7@bigcartel.com
801,zkeatingm8@technorati.com
802,mmachonm9@ning.com
803,htinemanma@photobucket.com
804,jvasyunkinmb@typepad.com
805,cfollissmc@epa.gov
806,ffilintsevmd@army.mil
807,cjanikme@google.de
808,pmabbemf@bing.com
809,tmcneilleymg@tinyurl.com
810,kshearermh@earthlink.net
811,blyvenmi@oracle.com
812,sdumberellmj@ebay.co.uk
813,rholsteinmk@kickstarter.com
814,mchancellorml@scientificamerican.com
815,mrenfrewmm@senate.gov
816,scockrammn@eventbrite.com
817,sskalamo@cbslocal.com
818,fdewaremp@ovh.net
819,ltrymmemq@tripadvisor.com
820,agregorymr@about.me
821,sleithms@independent.co.uk
822,cfattorinimt@yale.edu
823,heastermu@wikimedia.org
824,mdamsellmv@disqus.com
825,dfiggermw@stanford.edu
826,sargermx@dell.com
827,yharkusmy@disqus.com
828,mwiltshearmz@prlog.org
829,dbrongern0@symantec.com
830,ekemmern1@cnn.com
831,bmulqueenyn2@angelfire.com
832,ssyndern3@weather.com
833,cmacvaughn4@jimdo.com
834,xcervantesn5@typepad.com
835,rhounshamn6@ebay.co.uk
836,jdcostan7@123-reg.co.uk
837,pmerrienn8@smugmug.com
838,psmitherhamn9@nydailynews.com
839,bdawna@behance.net
840,floughreynb@cpanel.net
841,mgilbanknc@engadget.com
842,upablosnd@hao123.com
843,kubanksne@vinaora.com
844,hmeasennf@flickr.com
845,hstarkng@networksolutions.com
846,imcadamnh@unc.edu
847,aspauntonni@google.de
848,cbirchettnj@over-blog.com
849,kdestouchenk@google.com
850,tsherrocknl@devhub.com
851,gpimlocknm@wikimedia.org
852,fmawfordnn@moonfruit.com
853,lcotilardno@businesswire.com
854,bdeakinsnp@prweb.com
855,dfulhamnq@icq.com
856,sgreenoughnr@loc.gov
857,apugsleyns@dion.ne.jp
858,adoodsonnt@ted.com
859,fleebeternu@last.fm
860,asulmannv@imgur.com
861,gscoylesnw@fda.gov
862,rsydesnx@hhs.gov
863,jgascoyneny@theatlantic.com
864,bcogglesnz@google.de
865,fbraidmano0@t.co
866,mconroyo1@blogs.com
867,kfazziolio2@biglobe.ne.jp
868,aprykeo3@intel.com
869,gwescotto4@exblog.jp
870,jdemezao5@sakura.ne.jp
871,mdelmontio6@harvard.edu
872,zcurliso7@people.com.cn
873,moriso8@topsy.com
874,areddo9@joomla.org
875,bshillomoa@phpbb.com
876,lhammersonob@ameblo.jp
877,pbamseyoc@sciencedirect.com
878,ppeardeod@ihg.com
879,dgerradoe@ning.com
880,fgamellof@elegantthemes.com
881,ssaichog@bandcamp.com
882,clewendonoh@discovery.com
883,coddaoi@is.gd
884,tbattilloj@icio.us
885,hsametok@amazon.co.jp
886,rjocelynol@google.pl
887,gbellerom@hugedomains.com
888,mglassupon@angelfire.com
889,mungeroo@youtube.com
890,agilkesop@si.edu
891,vbazireoq@cocolog-nifty.com
892,cwillmettsor@jugem.jp
893,rerbos@skyrock.com
894,bseemanot@harvard.edu
895,imcclurgou@dion.ne.jp
896,ncholmondeleyov@simplemachines.org
897,lweitzelow@abc.net.au
898,flaingox@ucoz.com
899,mgrzegorczykoy@furl.net
900,lreichardtoz@tinypic.com
901,akeddlep0@tripod.com
902,gbotemanp1@chronoengine.com
903,bpillingtonp2@com.com
904,hbarradellp3@sun.com
905,nketchp4@lulu.com
906,jtolussip5@jalbum.net
907,crimourp6@google.it
908,jheppenspallp7@cbslocal.com
909,sbriddockp8@sphinn.com
910,dpuviap9@blogs.com
911,nbrosemanpa@xing.com
912,doubridgepb@marketwatch.com
913,mbuckokepc@tuttocitta.it
914,bspringerpd@furl.net
915,mfouchpe@google.co.jp
916,bbustardpf@state.gov
917,lmaccreepg@cpanel.net
918,hnegriph@e-recht24.de
919,kcattlepi@wikia.com
920,ibootherpj@technorati.com
921,rlambrichtpk@wsj.com
922,mhardemanpl@boston.com
923,cpeepm@slate.com
924,nagglionepn@freewebs.com
925,sgapppo@drupal.org
926,mhaddingtonpp@sciencedirect.com
927,gswatheridgepq@utexas.edu
928,lardypr@youtube.com
929,gmillinps@mail.ru
930,nfeldonpt@netvibes.com
931,mgeraudypu@histats.com
932,ghagyardpv@ox.ac.uk
933,rmoraledapw@cisco.com
934,ccriplepx@yolasite.com
935,gsingerspy@wunderground.com
936,greaypz@mapquest.com
937,jshearsbyq0@opensource.org
938,pwortleyq1@instagram.com
939,gcarasq2@seesaa.net
940,adiboldiq3@wp.com
941,jellerkerq4@nifty.com
942,bpinckneyq5@ocn.ne.jp
943,keydenq6@hatena.ne.jp
944,bdummiganq7@hao123.com
945,afrewq8@gnu.org
946,dmckintoshq9@mysql.com
947,mdacheyqa@webeden.co.uk
948,ycathieqb@oaic.gov.au
949,akennyqc@github.com
950,ffranssenqd@blogtalkradio.com
951,iricheqe@globo.com
952,ltomkissqf@storify.com
953,pmedcalfqg@google.ru
954,khuburnqh@people.com.cn
955,vhanniganqi@cornell.edu
956,helleryqj@mapquest.com
957,nismayqk@state.tx.us
958,glinkletql@abc.net.au
959,cheitonqm@yellowpages.com
960,nfreakeqn@creativecommons.org
961,hmaingotqo@arstechnica.com
962,mwilcockeqp@sciencedaily.com
963,atinsleyqq@dailymotion.com
964,vfaveryearqr@geocities.jp
965,glenoirqs@constantcontact.com
966,jsantqt@plala.or.jp
967,lscrivinerqu@google.com.au
968,mgiberdqv@un.org
969,jkeddleqw@bigcartel.com
970,lmcelweeqx@newsvine.com
971,tdykasqy@tinypic.com
972,nbeloeqz@usatoday.com
973,jbrowellr0@amazon.co.uk
974,ldietzr1@loc.gov
975,dabdenr2@unesco.org
976,lhambriber3@salon.com
977,tcalvertr4@cmu.edu
978,dshakelader5@hostgator.com
979,arashr6@howstuffworks.com
980,scosensr7@cnet.com
981,ppoguer8@smh.com.au
982,inormavillr9@pcworld.com
983,abeazerra@about.me
984,dlongdenrb@adobe.com
985,mhunnablerc@cnn.com
986,hgrinyakinrd@bigcartel.com
987,lbavinre@multiply.com
988,zcherrettrf@xinhuanet.com
989,oguinanerg@timesonline.co.uk
990,sgillespierh@webs.com
991,lbarnewilleri@irs.gov
992,awilflingerrj@bizjournals.com
993,lleinweberrk@hexun.com
994,rallinrl@marketwatch.com
995,etolmanrm@intel.com
996,gowainrn@independent.co.uk
997,fthamsro@wikipedia.org
998,ujakubczykrp@example.com
999,rmaxweellrq@odnoklassniki.ru
1000,jmakenrr@java.com
1001,jogosolimpicos@gmail.com