idMorada,rua,nPorta,localidade,codPostal,pais,detalhes
1,Ridgeview,36353,Malax,44950,Finland,None
2,Rowland,67,Fushëkuqe,None,Albania,None
3,Pankratz,250,Saint-Brieuc,22091 CEDEX 9,France,None
4,3rd,753,Benito Juarez,96720,Mexico,None
5,Debs,117,Inhumas,75400-000,Brazil,None
6,Fuller,36525,Misawa,992-1202,Japan,None
7,Walton,282,Candelaria,4323,Philippines,None
8,Walton,5390,Karangbayat,None,Indonesia,None
9,Wayridge,9,Sumanding,None,Indonesia,None
10,Muir,6,Hutag,None,Mongolia,None
11,Shasta,637,Laohugang,None,China,None
12,Aberg,49062,Penamacor,6090-511,Portugal,None
13,Loomis,26,Bošnjaci,32275,Croatia,None
14,Derek,73909,Cergy-Pontoise,95061 CEDEX 1,France,None
15,Dennis,244,Erdaocha,None,China,None
16,Brickson Park,5,Vrané nad Vltavou,252 46,Czech Republic,None
17,Basil,609,Dongting,None,China,None
18,Waxwing,86159,Cireundang,None,Indonesia,None
19,Anthes,5362,Leskolovo,188668,Russia,None
20,Kipling,232,Fu’an,None,China,None
21,Northview,55911,Aracruz,29190-000,Brazil,None
22,Moland,898,Canturay,1676,Philippines,None
23,Park Meadow,7109,Woja,None,Indonesia,Suite 7
24,Laurel,8340,Yogyakarta,None,Indonesia,15th Floor
25,Cascade,956,Chesma,457229,Russia,None
26,Westerfield,21,Jurva,66301,Finland,None
27,Towne,88,Leworook,None,Indonesia,Room 276
28,Killdeer,89,Yong’an,None,China,None
29,Morrow,46315,Kurlovo,601570,Russia,None
30,Old Gate,9179,Takāb,None,Iran,None
31,Dakota,2,Dulyapino,157825,Russia,None
32,Sloan,29,Kedungwaru,None,Indonesia,None
33,Clarendon,687,Itajaí,88300-000,Brazil,8th Floor
34,East,869,Camlachie,G5Z,Canada,None
35,Elmside,5163,Sop Pong,30270,Thailand,None
36,Chinook,841,Aipe,411008,Colombia,None
37,Surrey,597,Gumuk Tengah,None,Indonesia,None
38,Buell,3,Ash Shajarah,None,Jordan,None
39,Ohio,9536,Muara,None,Indonesia,None
40,Grim,82,K’anak’erravan,None,Armenia,3rd Floor
41,Logan,324,Līvāni,None,Latvia,None
42,Mandrake,1,Goba,None,Ethiopia,None
43,Glendale,684,Ḩarf al Musaytirah,None,Syria,None
44,Sutherland,1082,Yandun,None,China,None
45,Gulseth,84492,Kalibuntu,None,Indonesia,None
46,Oxford,2682,Qal‘ah-ye Kuhnah,None,Afghanistan,None
47,Drewry,6,Tournon-sur-Rhône,07304 CEDEX,France,None
48,Meadow Ridge,2135,Rybnoye,393917,Russia,None
49,Victoria,660,Haocun,None,China,None
50,Ridgeway,1,Penanggapan,None,Indonesia,None
51,Northport,5,Ad Darbāsīyah,None,Syria,None
52,Bay,779,Haghartsin,None,Armenia,None
53,Merchant,334,Kiviõli,None,Estonia,None
54,Clyde Gallagher,231,Leżajsk,37-300,Poland,None
55,Acker,46,Filimonovo,663620,Russia,None
56,Sheridan,253,Mališevo,None,Kosovo,None
57,Declaration,4,28 de Noviembre,9407,Argentina,None
58,Shopko,392,Hetian,None,China,None
59,Northview,212,Jinping,None,China,None
60,Homewood,8,Yashan,None,China,None
61,Armistice,3286,Kembang,None,Indonesia,None
62,Fulton,39,Zhangcun,None,China,None
63,Lighthouse Bay,33,Bilbays,None,Egypt,None
64,Butternut,252,Shahrak,None,Afghanistan,None
65,Talmadge,8008,Nizhnyaya Omka,646620,Russia,None
66,Corry,875,Chanuman,34260,Thailand,2nd Floor
67,Straubel,413,Espinho,3220-077,Portugal,None
68,Anzinger,27,Guyang,None,China,None
69,American Ash,63,Kebon Tengah,None,Indonesia,None
70,Atwood,5,Zgornje Pirniče,1356,Slovenia,None
71,Stoughton,64,Sesheke,None,Zambia,None
72,Upham,53,Biggar,N1S,Canada,None
73,Monterey,6640,Rancabungur,None,Indonesia,PO Box 68169
74,Carberry,91110,Ust’-Labinsk,385321,Russia,None
75,Evergreen,1,Kimakamak,None,Indonesia,None
76,Mcbride,915,Mbandjok,None,Cameroon,None
77,Oriole,86211,Alcanhões,2000-355,Portugal,None
78,Linden,589,Ahmadpur Siāl,39351,Pakistan,None
79,Continental,9727,Göteborg,418 03,Sweden,None
80,Northport,20149,Nogent-le-Rotrou,28404 CEDEX,France,None
81,Cascade,21,Nancun,None,China,None
82,Homewood,4,Angkup,None,Indonesia,None
83,Independence,8767,Hotaka,399-8303,Japan,None
84,Sunnyside,8,Fréjus,83613 CEDEX,France,None
85,Ryan,127,Badean,None,Indonesia,None
86,Onsgard,24,Tha Tako,60160,Thailand,Room 283
87,Caliangt,42,Hanjia,None,China,None
88,Maryland,6,Beizhakou,None,China,None
89,Holy Cross,29,Moscow,368222,Russia,None
90,Nova,5213,Kolor,None,Indonesia,None
91,Bultman,40,Charneca da Cotovia,2970-833,Portugal,None
92,Autumn Leaf,34375,Jiuting,None,China,None
93,Cordelia,2057,Guandu,None,China,None
94,Northwestern,91968,Hantang,None,China,None
95,Sutherland,53592,Pasirbitung,None,Indonesia,None
96,Heath,72,Langádhia,None,Greece,PO Box 55153
97,Pierstorff,641,Dzerzhinsk,607614,Russia,None
98,Superior,3,Longde Chengguanzhen,None,China,None
99,4th,51,Shangma,None,China,None
100,Center,6,Cabugao,2732,Philippines,None
101,Chive,28409,Kota Bharu,15740,Malaysia,None
102,Red Cloud,6951,Lyon,69281 CEDEX 01,France,None
103,Gulseth,86,Akbarābād,None,Iran,None
104,Artisan,7,Baidian,None,China,Room 460
105,Ronald Regan,978,Rosetta,None,Egypt,None
106,Autumn Leaf,884,Dongyang,None,China,None
107,Manitowish,99,Sabang,3905,Philippines,None
108,Carey,42121,Nagoya-shi,486-0969,Japan,None
109,Waubesa,23,Bogale,None,Myanmar,Suite 98
110,Laurel,802,Aristóbulo del Valle,3363,Argentina,None
111,Ramsey,29,Ust’-Ilimsk,666679,Russia,Suite 26
112,Holy Cross,88,Hénin-Beaumont,62254 CEDEX,France,None
113,Park Meadow,72323,Agua Blanca,22004,Guatemala,None
114,Mendota,54462,Gýtheio,None,Greece,None
115,Esker,708,Stegna,82-103,Poland,None
116,Glendale,5537,Lamas,4640-540,Portugal,None
117,Randy,650,Batur Kidul,None,Indonesia,16th Floor
118,Caliangt,70606,Bouctouche,E4S,Canada,None
119,Reindahl,894,Bombon,4404,Philippines,None
120,1st,37,San Casimiro,None,Venezuela,None
121,Karstens,5970,Qarchī Gak,None,Afghanistan,None
122,Westport,3347,Dahu,None,China,None
123,Badeau,3884,Katsina,None,Nigeria,None
124,Sherman,5,Parigi,None,Indonesia,None
125,Merchant,1,Xiling,None,China,None
126,Carioca,9,Xinhe,None,China,None
127,Gina,57,Pokrovskoye,303181,Russia,None
128,Dorton,3,Yoiqag,None,China,None
129,Buell,4,Salingogan,6417,Philippines,None
130,Continental,87,Matangpayang,None,Indonesia,None
131,Tomscot,4,Ciudad Cortés,60306,Costa Rica,None
132,Summerview,95,Fakaifou Village,None,Tuvalu,None
133,Hansons,1,Efeng,None,China,None
134,Ridge Oak,58612,Danyang,None,China,None
135,Sutteridge,12,Peishe,None,China,None
136,Portage,2055,Cuenca,None,Ecuador,None
137,Carey,8628,Hīt,None,Iraq,None
138,Vahlen,8034,Thames,3540,New Zealand,None
139,Corben,3111,Gorzyczki,58-111,Poland,None
140,Summerview,90,Fomento,None,Cuba,None
141,Sugar,69,Santo Amaro,44200-000,Brazil,None
142,Dovetail,465,Langnga,None,Indonesia,None
143,Lake View,77065,Blagoevgrad,2729,Bulgaria,None
144,Sutteridge,11,Frontignan,34114 CEDEX,France,None
145,Chive,54,El Mirador,56564,Mexico,Suite 6
146,Nevada,79,Parakanbeusi,None,Indonesia,None
147,Surrey,11,Xihe,None,China,None
148,Eggendart,95,Kalanguy,674553,Russia,None
149,Tennyson,798,Lanshan,None,China,None
150,Warner,589,Sindangjawa,None,Indonesia,None
151,Oak,180,Pākpattan,54950,Pakistan,None
152,Northview,6,Jacksonville,32209,United States,None
153,Carpenter,66999,Bassano,M5G,Canada,None
154,Village Green,8,Ţubarjal,None,Saudi Arabia,None
155,Helena,6,Martingança-Gare,2445-764,Portugal,Apt 1747
156,Hoepker,1,Ayapel,233539,Colombia,None
157,Cambridge,887,Cerro de Pasco,None,Peru,None
158,Express,85613,Krajan Joho,None,Indonesia,None
159,Pond,9790,El Arenal,91664,Mexico,None
160,Tennessee,58,Krasnyy Oktyabr’,601974,Russia,None
161,Oak,64183,Bogandinskiy,625520,Russia,None
162,Oak Valley,95,At Tall al Kabīr,None,Egypt,None
163,Prentice,7418,Baiju,None,China,None
164,Doe Crossing,2,Huanggang,None,China,None
165,Bluestem,113,Arcos,35588-000,Brazil,None
166,Milwaukee,61,Vadstena,592 40,Sweden,None
167,Carioca,44,La Joya,37600,Mexico,None
168,Muir,1,Yasinya,None,Ukraine,None
169,Little Fleur,9119,Kuanping,None,China,None
170,Lakeland,7,Balitoc,1111,Philippines,None
171,Eagle Crest,84616,Santa Maria do Souto,4800-260,Portugal,None
172,Hanover,5981,Picungbera,None,Indonesia,None
173,Sachs,68650,Tambakan,None,Indonesia,None
174,Mayer,74,Juazeiro do Norte,63000-000,Brazil,None
175,Judy,284,Villa Carlos Paz,5152,Argentina,None
176,Welch,486,Barra de São Francisco,29800-000,Brazil,None
177,Weeping Birch,13667,Ḩarf al Musaytirah,None,Syria,None
178,Hanson,3,Lirang,None,China,Apt 1472
179,Hooker,5878,Samal,2113,Philippines,None
180,Fremont,108,Jambesari,None,Indonesia,None
181,Maple Wood,9,Pampas Chico,None,Peru,None
182,2nd,542,Domaradz,36-230,Poland,None
183,Darwin,369,Nassau,None,Bahamas,None
184,Lakewood,340,Saint Ann’s Bay,None,Jamaica,None
185,Logan,32274,Santa Rosa,95405,United States,None
186,David,7168,Rendui,None,China,None
187,Morrow,2129,Quận Phú Nhuận,None,Vietnam,None
188,Roxbury,351,Sutukoba,None,Gambia,None
189,Swallow,651,Tangguhang,None,Indonesia,None
190,Rowland,4997,Jiangkou,None,China,None
191,Donald,1,Puerto Ayacucho,None,Venezuela,None
192,Onsgard,2,Ad Dabbah,None,Sudan,None
193,Packers,45585,Campinas,13000-000,Brazil,None
194,Shelley,675,Tsaghveri,None,Georgia,None
195,Prairie Rose,19312,Fenghuangdong,None,China,Room 256
196,Elmside,2245,Jiuheyuan,None,China,2nd Floor
197,Hooker,97661,Palermo,90129,Italy,None
198,Dennis,83986,Kakamega,None,Kenya,None
199,Erie,96263,Austin,78764,United States,None
200,Heffernan,32,Huangtian,None,China,None
201,Daystar,7,Imeni Babushkina,161350,Russia,None
202,Bunting,85,Baiyang,None,China,None
203,Stephen,4,High River,T1V,Canada,None
204,Lillian,25,Gémeos,4810-571,Portugal,None
205,Golden Leaf,51,Zarrīn Shahr,None,Iran,13th Floor
206,Rockefeller,80371,Camajuaní,None,Cuba,None
207,Harbort,5052,São Mamede de Infesta,4465-005,Portugal,None
208,Rowland,3484,Ngrayun,None,Indonesia,None
209,Larry,8549,Amor,2400-772,Portugal,None
210,Manley,10,Rila,2630,Bulgaria,10th Floor
211,Oriole,48,Jiaozhou,None,China,None
212,Judy,7420,Trmice,400 04,Czech Republic,None
213,Carpenter,65,Truskolasy,42-134,Poland,None
214,Russell,21,Shah Alam,40726,Malaysia,None
215,Maple Wood,4427,Dolgoprudnyy,141707,Russia,None
216,Red Cloud,167,La Caya,11503,Dominican Republic,None
217,Prairie Rose,5375,Sergelen,None,Mongolia,None
218,Anniversary,99283,Sovetskaya,347180,Russia,None
219,Buell,4867,Łęki,38-473,Poland,None
220,Merrick,1,Fīrūzābād,None,Iran,None
221,Dakota,1897,Nonsan,None,South Korea,19th Floor
222,Schlimgen,88,Tokyo,176-0014,Japan,None
223,8th,28,Bi’r al ‘Abd,None,Egypt,None
224,Stone Corner,877,El Aguacate,40687,Mexico,None
225,Sullivan,76,San Vicente,6419,Philippines,None
226,Jenna,736,Jamalteca,None,Honduras,None
227,Roth,2,Colonia Mauricio José Troche,None,Paraguay,None
228,Park Meadow,2,Xijiang,None,China,None
229,Lighthouse Bay,60172,Pushkino,413220,Russia,None
230,Carberry,74,Fatufeto,None,Indonesia,None
231,Maywood,3383,Ipoh,30200,Malaysia,None
232,Twin Pines,0,Bunog,4801,Philippines,None
233,Harper,34,Daja Lorong,None,Indonesia,None
234,Fisk,4,Port Washington,11054,United States,None
235,Schurz,7,Lille,59002 CEDEX,France,None
236,Sutherland,4212,Barrhead,T7N,Canada,None
237,Lunder,94539,Nikol’skoye,678214,Russia,None
238,Hayes,607,Poděbrady,290 01,Czech Republic,PO Box 1502
239,Fordem,98894,Nyagan,628189,Russia,None
240,Florence,92,Waśniów,27-425,Poland,None
241,Emmet,8081,Pueblo Nuevo,None,Peru,None
242,Briar Crest,87,Xihe,None,China,None
243,Crownhardt,964,Perugia,6124,Italy,None
244,Melby,84657,Gandiaye,None,Senegal,None
245,New Castle,9,Chamical,4608,Argentina,14th Floor
246,Arkansas,2,Banjar Teguan,None,Indonesia,None
247,Memorial,392,San Nicolás,None,Honduras,None
248,Spohn,9329,Ar Rudayyif,None,Tunisia,None
249,Anzinger,7854,Ping’an,None,China,Apt 458
250,Summer Ridge,688,Lýkeio,None,Greece,None
251,Westerfield,52011,Karangsari,None,Indonesia,None
252,Morningstar,3,Biru,None,China,None
253,Hallows,2,Zhengyu,None,China,None
254,Green,302,Semirara,3525,Philippines,None
255,Lillian,58201,Oja,None,Indonesia,Apt 83
256,Claremont,8460,João Alfredo,55720-000,Brazil,None
257,Shoshone,88573,Ribeira das Taínhas,9680-505,Portugal,None
258,Melody,40,Natal,59000-000,Brazil,None
259,Caliangt,5133,Newbiggin,NE46,United Kingdom,None
260,Welch,6097,Ambatolampy,None,Madagascar,None
261,Ramsey,63291,Haixing,None,China,None
262,Eagle Crest,4,Guayaquil,None,Ecuador,None
263,Ridgeview,59873,Jiangkouxu,None,China,None
264,Anzinger,7641,Ros’,None,Belarus,None
265,Michigan,4685,Zavolzh’ye,606525,Russia,None
266,Sage,88,Ribeiro,4950-719,Portugal,None
267,Logan,104,Synevyr,None,Ukraine,None
268,Tomscot,895,Lý Sơn,None,Vietnam,None
269,Gerald,17427,Nikol’sk,630025,Russia,None
270,Caliangt,6549,Hejiayan,None,China,None
271,Huxley,92779,Thanh Khê,None,Vietnam,None
272,Summerview,60935,Asopía,None,Greece,None
273,Lawn,5412,Voronezh,394075,Russia,None
274,Scofield,3,Tacheng,None,China,None
275,Blaine,11,Youchou,None,China,None
276,Buell,4637,Elói Mendes,37110-000,Brazil,None
277,Morningstar,62,Khanu Woralaksaburi,62130,Thailand,None
278,Hintze,56,Azovo,646880,Russia,None
279,Mosinee,5,Bongsri,None,Indonesia,None
280,Mallard,189,Guamal,473029,Colombia,None
281,Calypso,15,Magapit,5700,Philippines,None
282,Green Ridge,88592,Bago,None,Myanmar,None
283,Oak Valley,2,Kedungsinggil,None,Indonesia,None
284,Holy Cross,960,Ungaran,None,Indonesia,None
285,Upham,12,Shazhuang,None,China,None
286,Moland,2,Baima,None,China,None
287,Farmco,7947,Kristianstad,291 81,Sweden,None
288,Hooker,85718,Banjar Beratan,None,Indonesia,None
289,American,27,Candoni,6110,Philippines,14th Floor
290,Loeprich,53,Az̧ Z̧a‘āyin,None,Qatar,PO Box 74518
291,Lindbergh,3,Zhaocun,None,China,None
292,North,3,Tawau,91030,Malaysia,None
293,1st,4099,Villejuif,94809 CEDEX,France,None
294,Elmside,42719,Heshui,None,China,None
295,Sage,2242,Wenshang,None,China,None
296,Dayton,86,Viškovci,34310,Croatia,None
297,Norway Maple,913,Tiandeng,None,China,None
298,Fieldstone,214,San Pedro Zacapa,None,Honduras,None
299,Monica,5558,Bitung,None,Indonesia,None
300,Thompson,272,Moulay Bouchta,None,Morocco,None
301,Loftsgordon,79,Talisay,4602,Philippines,None
302,Pankratz,23449,Palue,None,Indonesia,None
303,Mandrake,5,San Celestio,4224,Philippines,Room 1593
304,Ronald Regan,9348,Kangasala,36270,Finland,None
305,Northport,8,Nishor,None,Kosovo,None
306,Atwood,390,Yezhou,None,China,None
307,Merry,368,Dubréka,None,Guinea,None
308,Raven,85626,Pulau Pinang,10512,Malaysia,None
309,Manufacturers,0,Manga,None,Burkina Faso,18th Floor
310,Killdeer,25,Governador Valadares,35000-000,Brazil,PO Box 30773
311,Corscot,68,Rakaia,7743,New Zealand,None
312,Eagan,18209,Metahāra,None,Ethiopia,None
313,Troy,1569,Taremskoye,606135,Russia,Room 1271
314,1st,7,Diré,None,Mali,Room 753
315,Corscot,40889,Sendai-shi,984-0075,Japan,None
316,Aberg,18,Dashev,None,Ukraine,None
317,Trailsway,4060,Carthage,None,Tunisia,None
318,Corry,54,Créteil,94019 CEDEX,France,None
319,Texas,3,Kashar,None,Albania,None
320,Scoville,7803,Stende,None,Latvia,None
321,Bashford,125,Yong’an,None,China,None
322,Buell,2563,Kallithéa,None,Greece,None
323,Rutledge,4,Kanlagay,8712,Philippines,None
324,Southridge,3342,Katyr-Yurt,366609,Russia,None
325,Killdeer,555,Merdeka,None,Indonesia,PO Box 8954
326,Mcbride,6,Birštonas,59009,Lithuania,None
327,Dakota,14117,Legionowo,05-122,Poland,None
328,Monument,2287,Yanhe,None,China,None
329,Pine View,98305,Zaliznychne,None,Ukraine,None
330,Birchwood,5,Henghe,None,China,None
331,Lindbergh,5025,Longtang,None,China,Apt 432
332,Nancy,73404,Uchkeken,369394,Russia,None
333,Steensland,64,Armavir,None,Armenia,None
334,Atwood,93318,Rusnė,99047,Lithuania,Apt 1836
335,1st,7693,Kuanfeu,None,Indonesia,None
336,Eagle Crest,9854,Blimbing,None,Indonesia,PO Box 6459
337,Reindahl,3536,Rosario,8504,Philippines,None
338,Kropf,9203,Linggou,None,China,None
339,Dixon,55999,Hoima,None,Uganda,None
340,6th,55,Butajīra,None,Ethiopia,None
341,Birchwood,8742,Murganhal,2760-040,Portugal,None
342,Stephen,726,San Pedro,None,Bolivia,None
343,Haas,159,Krajan Satu,None,Indonesia,None
344,Clarendon,0,Raszowa,47-232,Poland,None
345,Arrowood,1567,Galatás,None,Greece,None
346,Rusk,3492,Badou,None,Togo,None
347,Mcguire,8938,Santarém,58928-000,Brazil,None
348,Eggendart,4752,Cheyenne,82007,United States,None
349,Bunker Hill,3889,Kazimierz Dolny,24-120,Poland,None
350,North,1,Bantarpanjang,None,Indonesia,None
351,Loomis,2445,Puerto Asís,862069,Colombia,None
352,Maryland,1317,Boulaide,L-9640,Luxembourg,None
353,Towne,3,Phalaborwa,1396,South Africa,None
354,Debra,83342,Bangbayang,None,Indonesia,None
355,Fairview,66185,Franca,14400-000,Brazil,None
356,Bay,620,Hamanoichi,870-0002,Japan,None
357,Forest Run,1,Morrinhos,75650-000,Brazil,None
358,Village Green,5,Saint-Pierre-des-Corps,37705 CEDEX,France,Suite 55
359,Del Mar,31282,Stěbořice,747 51,Czech Republic,None
360,Bartillon,98,Spokoynaya,352265,Russia,None
361,Merrick,7877,Pelileo,None,Ecuador,None
362,Oak,10,Xiangxiang,None,China,20th Floor
363,Jana,9522,Renhe,None,China,None
364,Amoth,16988,Hermosa,2111,Philippines,None
365,Hauk,166,Leonidovo,694230,Russia,None
366,7th,513,Huimin,None,China,None
367,Gale,8856,Lilongwe,None,Malawi,None
368,Sutherland,0,Aniva,694030,Russia,None
369,Montana,45,Zharrëz,None,Albania,None
370,Sycamore,1,Toulouse,31101 CEDEX 9,France,None
371,Ohio,915,Pijao,632067,Colombia,None
372,Fremont,880,Laolong,None,China,None
373,Morning,8968,Panguna,None,Papua New Guinea,None
374,Bowman,949,Greensboro,27499,United States,None
375,Elka,896,Zhonghe,None,China,None
376,Springview,728,Dayr al Ghuşūn,None,Palestinian Territory,Apt 1100
377,Schmedeman,5,Kurkino,303623,Russia,Suite 27
378,Scoville,322,Aradac,None,Serbia,None
379,Maple Wood,346,Camiri,None,Bolivia,None
380,Pond,34665,Serednye,None,Ukraine,None
381,Waxwing,376,Panggungrejo,None,Indonesia,None
382,Pankratz,6060,Shigu,None,China,None
383,Old Shore,1830,Rasony,None,Belarus,None
384,Talmadge,92462,Ariquemes,78930-000,Brazil,None
385,Brown,6916,Nanlu,None,China,Suite 28
386,Scofield,1173,Kallithéa,None,Greece,3rd Floor
387,Oneill,55051,Fenggang,None,China,None
388,Sutteridge,42,Sintung Timur,None,Indonesia,None
389,Straubel,26,Wasilków,16-010,Poland,None
390,Oneill,28785,Wanshan,None,China,None
391,Nelson,79,Pan-an,7202,Philippines,Suite 57
392,Huxley,29,Неготино,1236,Macedonia,None
393,North,5996,Karanganyar,None,Indonesia,Room 533
394,Jenna,462,Kyŏngsŏng,None,North Korea,None
395,Michigan,75856,Jipijapa,None,Ecuador,None
396,Schiller,55,Den Haag,2578,Netherlands,None
397,Marquette,5,Ordóñez,2555,Argentina,None
398,Melby,25,Hongyuan,None,China,None
399,Waywood,88501,El Paraíso,None,Honduras,None
400,Mcguire,4,Zaojiacheng,None,China,None
401,Sunfield,267,Datong,None,China,None
402,Independence,308,Guatimozín,2625,Argentina,None
403,Judy,8,Jönköping,551 21,Sweden,None
404,Northwestern,81855,Shanguang,None,China,None
405,Steensland,75754,Natividade,77370-000,Brazil,None
406,Quincy,62137,Stetseva,None,Ukraine,None
407,Kinsman,1858,Mirabel,J5K,Canada,None
408,Drewry,0,Bayamo,None,Cuba,None
409,Atwood,9643,Llusco,None,Peru,None
410,Orin,4,Ruo,None,Micronesia,None
411,Kropf,2475,Tsuma,881-0033,Japan,None
412,Arrowood,66,Krajan,None,Indonesia,None
413,Nelson,240,Saihan Tal,None,China,None
414,Myrtle,88,Vigo,36210,Spain,None
415,Bluejay,17,Dawang,None,China,17th Floor
416,Utah,7211,Kranjska Gora,4280,Slovenia,None
417,Michigan,532,Albardón,5419,Argentina,None
418,Boyd,537,Mexico,2021,Philippines,None
419,Green,8,Panalingaan,9610,Philippines,None
420,Eagan,403,Moravský Krumlov,672 01,Czech Republic,None
421,West,7,Likupang,None,Indonesia,None
422,Portage,695,Santa Adélia,15950-000,Brazil,None
423,Canary,42,Montbrison,42604 CEDEX,France,None
424,Stephen,4,Huanghuatan,None,China,None
425,Shopko,146,Kavajë,None,Albania,None
426,Eggendart,704,Harbin,None,China,None
427,Hoffman,8896,Monino,142450,Russia,None
428,Vahlen,36555,Meedhoo,None,Maldives,None
429,Anhalt,5,Nonohonis,None,Indonesia,PO Box 58640
430,Westridge,8,Yunxi,None,China,None
431,Fisk,1,Mursaba,None,Indonesia,None
432,Jay,73,Mytishchi,141032,Russia,None
433,Bellgrove,8,Kunjāh,55151,Pakistan,None
434,Holmberg,235,Pulo,1706,Philippines,None
435,Maple,710,Carcassonne,11020 CEDEX,France,None
436,Hayes,9352,Três Rios,25800-000,Brazil,None
437,Birchwood,322,Saraburi,18190,Thailand,18th Floor
438,Duke,491,Tangcun,None,China,None
439,Lillian,220,Hengyang,None,China,None
440,Sullivan,4609,Xianqiao,None,China,None
441,Moose,411,Ulset,5119,Norway,None
442,Main,61934,Austin,78726,United States,4th Floor
443,Rowland,582,Ventspils,None,Latvia,None
444,Messerschmidt,95,Ojos de Agua,None,Honduras,None
445,Anniversary,4006,Pulau Pinang,10450,Malaysia,15th Floor
446,Parkside,7,Baisha,None,China,None
447,Macpherson,112,Beizhouzi,None,China,None
448,Mitchell,72,Priargunsk,674310,Russia,None
449,Fordem,37514,Ripky,None,Ukraine,None
450,Mesta,406,Matagami,N2M,Canada,None
451,Moulton,32219,Lunéville,54304 CEDEX,France,Room 59
452,Petterle,13,Qinlan,None,China,None
453,Ohio,254,Paris La Défense,92929 CEDEX,France,None
454,5th,0,Somdet,46150,Thailand,Room 1420
455,Victoria,8656,Bama,None,Nigeria,None
456,Waywood,42,Wuyahe,None,China,None
457,Del Mar,2,Santa Elena,4135,Argentina,None
458,Hollow Ridge,5,Washington,20210,United States,Room 1837
459,Little Fleur,81969,Chocope,None,Peru,None
460,Mockingbird,6,Zasip,4274,Slovenia,None
461,Sunfield,44,Mezhevoy,456926,Russia,None
462,Monument,81,Bremerhaven,27576,Germany,None
463,Magdeline,385,Mollebamba,None,Peru,None
464,Bartillon,42,Araras,13600-000,Brazil,None
465,Dahle,646,Kampong Speu,None,Cambodia,None
466,Sloan,46864,Göteborg,414 66,Sweden,None
467,Bobwhite,6,Silgueiros,3515-626,Portugal,None
468,Summer Ridge,241,Benito Juarez,27443,Mexico,None
469,Helena,841,Duba-Yurt,366304,Russia,None
470,Helena,7901,Gersikputih Tengah,None,Indonesia,None
471,Monica,3,Wangtai,None,China,None
472,Coolidge,395,Malabago,2419,Philippines,None
473,Mcguire,37,Luzon,8303,Philippines,None
474,Erie,39674,Nizhnyaya Tura,216646,Russia,None
475,Forest,172,Tierp,815 24,Sweden,None
476,Fair Oaks,2,Surat Thani,84150,Thailand,None
477,New Castle,937,Buôn Trấp,None,Vietnam,None
478,Forest Run,71146,Ulan Us,None,China,None
479,Doe Crossing,44,Nabīnagar,3410,Bangladesh,Suite 11
480,Hintze,9,Calvinia,8193,South Africa,Room 1822
481,Lakewood Gardens,2134,Lluchubamba,None,Peru,None
482,Sachtjen,0,Nakhon Sawan,60000,Thailand,None
483,Loeprich,8,Sarzedo,3300-405,Portugal,None
484,Monica,188,Bečej,None,Serbia,None
485,Algoma,8714,Itaocara,28570-000,Brazil,None
486,Spenser,3741,Jinping,None,China,None
487,Crownhardt,5,Novotitarovskaya,353210,Russia,None
488,Donald,239,Balading,4005,Philippines,None
489,Oak,60,Kanigorokrajan,None,Indonesia,None
490,Service,71419,Zaqatala,None,Azerbaijan,None
491,Jenifer,163,Marseille,13327 CEDEX 15,France,None
492,Hagan,50337,Vichadero,None,Uruguay,None
493,Spenser,370,Tlogoagung,None,Indonesia,None
494,Mcguire,2531,Cran-Gevrier,74964 CEDEX,France,None
495,Bluejay,0,Kari,None,Nigeria,None
496,Kennedy,5035,Las Lomas,None,Panama,None
497,Hauk,446,San Pedro de Macorís,11604,Dominican Republic,None
498,Riverside,4,Могила,7216,Macedonia,Apt 330
499,School,7970,Ouaoula,None,Morocco,None
500,Meadow Valley,5510,Dongzhou,None,China,19th Floor
501,Hollow Ridge,2657,Prokuplje,None,Serbia,None
502,Spaight,5,Kota Kinabalu,88610,Malaysia,None
503,Shasta,2828,Lyaskelya,186806,Russia,None
504,Eastwood,3478,Taoudenni,None,Mali,None
505,Mesta,86,Pyay,None,Myanmar,None
506,Milwaukee,37,Saint-Jean-de-Luz,64504 CEDEX,France,None
507,Waxwing,3,Katuli,4212,Philippines,None
508,Mccormick,2,Greensboro,27499,United States,None
509,Dwight,1,Saint-Eustache,J7R,Canada,None
510,Canary,643,Sezemice,533 04,Czech Republic,None
511,Algoma,5006,Satipo,None,Peru,None
512,Victoria,386,Selaparang Timur,None,Indonesia,None
513,Lakewood,643,Muricay,1103,Philippines,None
514,Oxford,7678,Itabira,35900-000,Brazil,None
515,Bartelt,9,La Molina,None,Peru,None
516,Kropf,86904,Hanshou,None,China,None
517,Cody,70,Santarém,58928-000,Brazil,PO Box 58582
518,Butterfield,96,Lapi,5307,Philippines,Room 1699
519,Annamark,5302,Langkap,None,Indonesia,None
520,Lyons,82855,Barroco,4650-576,Portugal,None
521,Blaine,63,Mikhaylovskoye,363121,Russia,None
522,Jenna,3,Hongcao,None,China,None
523,Truax,70,Saint-Pierre,97853 CEDEX,Reunion,Suite 74
524,Spaight,155,Grenoble,38035 CEDEX 2,France,None
525,Drewry,1587,Aguas Corrientes,None,Uruguay,Suite 14
526,Golf Course,5010,La Estancia,None,Honduras,None
527,4th,7944,Daixi,None,China,None
528,Shopko,92,Benito Juarez,35180,Mexico,None
529,Comanche,6915,Karakul’,None,Uzbekistan,None
530,Merrick,8,Kolomyagi,198264,Russia,None
531,Fieldstone,0,Patria,2005,Philippines,None
532,Gerald,68950,Krayen,None,Indonesia,None
533,Scott,44,Midoun,None,Tunisia,None
534,Blackbird,1210,Luna,3813,Philippines,None
535,Hoffman,914,Norrköping,603 86,Sweden,None
536,Redwing,53130,Jatinagara,None,Indonesia,None
537,Sachs,1678,Ljubešćica,42222,Croatia,None
538,Shasta,55341,Narutochō-mitsuishi,779-0311,Japan,None
539,Independence,7725,Hudson,J0N,Canada,None
540,Thompson,4935,Baiju,None,China,None
541,Hazelcrest,5,Tabu,6122,Philippines,None
542,Dayton,6,Tempuran,None,Indonesia,None
543,Annamark,202,Azteca,93270,Mexico,None
544,Starling,8496,Camingawan,5016,Philippines,None
545,Sutherland,7,Oporapa,418008,Colombia,None
546,Brickson Park,12677,Khodzhi-Gasan,None,Azerbaijan,Room 1802
547,Messerschmidt,13612,Sukapura,None,Indonesia,None
548,Porter,5976,Liuqu,None,China,None
549,Sullivan,2123,Ishikawa,960-1476,Japan,None
550,Hazelcrest,4240,Sarajevo,None,Bosnia and Herzegovina,None
551,Milwaukee,664,Battaramulla South,10600,Sri Lanka,None
552,Columbus,1,Mabini,6313,Philippines,None
553,Troy,2,Komorní Lhotka,739 53,Czech Republic,None
554,Eagle Crest,552,Sulop,8009,Philippines,None
555,Village Green,81807,Alcáçovas,7090-021,Portugal,None
556,Brickson Park,3,Santiago De Compostela,15899,Spain,None
557,Ridgeview,68674,Gedongmulyo,None,Indonesia,None
558,Calypso,5075,Parreira,2140-514,Portugal,None
559,Anderson,9150,Ambatolampy,None,Madagascar,None
560,Arizona,45343,Annan,None,China,Room 409
561,Lake View,36563,Heiiyugou,None,China,PO Box 49537
562,Bobwhite,200,Qal‘ah-ye Kūf,None,Afghanistan,None
563,Sutherland,9872,Cergy-Pontoise,95897 CEDEX,France,None
564,Roxbury,29697,Bandar Pusat Jengka,26485,Malaysia,None
565,Dottie,918,Fāqūs,None,Egypt,None
566,American Ash,94,Gyumri,None,Armenia,None
567,Sachtjen,41657,Sacramento,94263,United States,None
568,Trailsway,1592,Kuteynykove,None,Ukraine,None
569,Dottie,1,Nyachera,None,Uganda,None
570,Shasta,615,Drawsko,64-733,Poland,None
571,Melrose,573,Sigayevo,427990,Russia,None
572,Roxbury,9405,Nizhyn,None,Ukraine,None
573,Sunnyside,4498,Kao Liao,60230,Thailand,None
574,7th,29877,Wugui,None,China,None
575,Jay,417,Nalinggou,None,China,None
576,Canary,90,Nanshe,None,China,None
577,Nobel,67386,Qingtong,None,China,None
578,Esch,7114,Palaihari,None,Indonesia,None
579,Messerschmidt,6,Urkarakh,368580,Russia,None
580,Lukken,6322,Rubio,None,Venezuela,None
581,Russell,66137,Lastoursville,None,Gabon,None
582,Daystar,4130,Yermish’,391660,Russia,None
583,Columbus,8584,Lyubech,None,Ukraine,None
584,Luster,95316,Darma,None,Indonesia,None
585,Mendota,4,Xunjian,None,China,None
586,Saint Paul,989,Sacramento,95813,United States,None
587,Goodland,94935,Shilovo,391545,Russia,None
588,Bartillon,1,Norrköping,603 52,Sweden,None
589,Hansons,523,Pamupukan,None,Indonesia,None
590,Fallview,77,Hong’an Chengguanzhen,None,China,None
591,Spaight,56,Nangalimang,None,Indonesia,Room 1373
592,Tony,25345,Shihua,None,China,None
593,Sunfield,66,Ipoh,30674,Malaysia,None
594,Badeau,585,Dibba Al-Fujairah,None,United Arab Emirates,None
595,Hayes,16,Dikson,647341,Russia,None
596,Pepper Wood,1,Banjar Bias,None,Indonesia,None
597,Nelson,920,Apitong,4405,Philippines,None
598,Scoville,7952,Horodne,None,Ukraine,None
599,Coolidge,59389,Mabuttal East,3517,Philippines,None
600,Cardinal,10215,Itapevi,06650-000,Brazil,None
601,Hauk,48741,Filótion,None,Greece,None
602,Jay,9556,Lagdo,None,Cameroon,None
603,Green Ridge,4,Varāmīn,None,Iran,None
604,Melvin,7003,Ambovombe,None,Madagascar,None
605,Birchwood,10,Partenit,None,Ukraine,None
606,Merry,3104,Naushahro Fīroz,67131,Pakistan,None
607,Marcy,981,Owerri,None,Nigeria,None
608,Manufacturers,86107,Isabela,6128,Philippines,None
609,Dunning,3,Chupa,186670,Russia,None
610,Calypso,32,Paclolo,6103,Philippines,None
611,Grover,260,Toulouse,31403 CEDEX 9,France,None
612,Spenser,204,Kalmunai,32300,Sri Lanka,None
613,Pond,2,Lyon,69413 CEDEX 06,France,None
614,Warrior,80,Playas,None,Ecuador,None
615,Pawling,7914,Göteborg,411 21,Sweden,None
616,Glendale,3381,La Esperanza,37900,Mexico,None
617,Florence,436,Itapevi,06650-000,Brazil,None
618,Dahle,60,Bentar Girang,None,Indonesia,None
619,Heffernan,31305,Nanyang,None,China,None
620,Warrior,38981,Tīrān,None,Iran,None
621,Tennessee,72278,Mashan,None,China,None
622,Mosinee,71,Jalālpur,50781,Pakistan,None
623,Stephen,9,Riah,None,Morocco,None
624,Pepper Wood,72,Tādif,None,Syria,None
625,Eggendart,1401,Bunut,None,Indonesia,None
626,Ryan,51,Klaeng,21110,Thailand,None
627,Knutson,55805,Bobadela,3405-006,Portugal,None
628,Packers,4,Cleveland,44105,United States,None
629,Ohio,88355,Baolin,None,China,None
630,Shoshone,744,Firenze,50136,Italy,None
631,Sutherland,17460,Wuxia,None,China,None
632,Raven,624,Fuyang,None,China,None
633,Everett,511,Wasilków,16-010,Poland,None
634,Reindahl,52,Hwaseong-si,None,South Korea,None
635,Ridgeview,0,Sainyabuli,None,Laos,None
636,Forest,904,Kato Pyrgos,None,Cyprus,None
637,Monument,88019,Dalarik,None,Armenia,None
638,Melody,51805,Žulová,790 65,Czech Republic,20th Floor
639,Coolidge,227,Candelária,96930-000,Brazil,None
640,Roxbury,4966,Rostokino,461149,Russia,None
641,Nova,66,Maturín,None,Venezuela,None
642,Manufacturers,79,Al Fandaqūmīyah,None,Palestinian Territory,None
643,Buena Vista,17832,Pembroke,K8B,Canada,None
644,Eastlawn,802,Tando Muhammad Khān,70220,Pakistan,None
645,Larry,76,Paulínia,13140-000,Brazil,None
646,Manley,794,Padova,35129,Italy,None
647,Packers,923,Chinju,None,South Korea,None
648,Beilfuss,4,Burgau,8650-104,Portugal,None
649,Fairfield,4532,San José,40602,Costa Rica,None
650,School,309,Połajewo,64-710,Poland,None
651,Debs,563,Baltimore,21281,United States,None
652,Northridge,64,Jieshan,None,China,None
653,Katie,15,Otavi,None,Namibia,None
654,Donald,2020,Trambalan,None,Indonesia,None
655,American Ash,577,Símantra,None,Greece,None
656,Nancy,1823,Bayan Qagan,None,China,None
657,Di Loreto,82351,Tucurú,16006,Guatemala,Suite 37
658,Randy,183,Wulipu,None,China,None
659,Hazelcrest,96505,Odrinhas,2705-707,Portugal,None
660,Knutson,38462,Pégeia,None,Cyprus,None
661,Little Fleur,974,South Tangerang,None,Indonesia,None
662,Luster,852,Bastak,None,Iran,Apt 1865
663,Bellgrove,2363,Colonias Unidas,3515,Argentina,None
664,Mosinee,93214,Tianxingchang,None,China,None
665,Sugar,50,Kortowo,11-041,Poland,None
666,Southridge,3819,Dembeni,97660,Mayotte,None
667,Sommers,71827,Paquera,60105,Costa Rica,None
668,Rusk,2,Mingora,19130,Pakistan,Suite 64
669,Judy,81,Masjed Soleymān,None,Iran,None
670,Hoffman,9317,Juazeiro do Norte,63000-000,Brazil,None
671,Walton,67,Rachanie,22-640,Poland,None
672,Duke,91775,Lions Bay,K4K,Canada,None
673,Park Meadow,292,Ros’,None,Belarus,None
674,Vera,47237,Chengmen,None,China,None
675,Ohio,229,Gouménissa,None,Greece,None
676,Lindbergh,39184,Velká Polom,747 64,Czech Republic,None
677,Lyons,5552,Ciudad Nueva,10208,Dominican Republic,None
678,Talmadge,5625,Nglengkong,None,Indonesia,None
679,Main,7,Souto,4910-060,Portugal,None
680,Brentwood,2890,Taodian,None,China,None
681,Forest Dale,6,Al Ḩajar al Aswad,None,Syria,None
682,4th,4771,Monte Leite,2765-317,Portugal,None
683,Warbler,70,Bataiporã,36980-000,Brazil,None
684,Village Green,694,Matagami,N2M,Canada,None
685,Coolidge,6,Qingfeng,None,China,PO Box 46783
686,Jackson,2864,La Asunción,40703,Costa Rica,19th Floor
687,Dawn,4,Pishaj,None,Albania,None
688,Sherman,82,Kuala Terengganu,21109,Malaysia,None
689,Bunker Hill,9,Villa Altagracia,10701,Dominican Republic,None
690,Miller,7209,Sharga,None,Mongolia,None
691,Ronald Regan,29396,San Antonio,735538,Colombia,None
692,5th,951,Šilheřovice,747 15,Czech Republic,None
693,Dovetail,833,Cintra,2559,Argentina,None
694,Novick,47462,Moroto,None,Uganda,None
695,Lake View,932,Ballivor,D17,Ireland,None
696,International,129,København,1656,Denmark,None
697,Florence,1,Paraparaumu,5254,New Zealand,None
698,Londonderry,573,Toulouse,31085 CEDEX 2,France,None
699,La Follette,39274,Newport,None,Curacao,None
700,Schurz,42,Tugu,None,Indonesia,None
701,Chinook,878,Dalar,None,Armenia,Suite 96
702,Mcbride,864,Pamupukan,None,Indonesia,None
703,Buell,57,Sala,733 24,Sweden,None
704,Dawn,7,Virginia,D18,Ireland,None
705,Elka,4876,Al Badārī,None,Egypt,None
706,Pond,2,Calvão,3840-045,Portugal,None
707,Dakota,77,Songgui,None,China,None
708,Sutherland,971,Xichuan,None,China,None
709,Badeau,25394,Bobota,32225,Croatia,None
710,Superior,9983,Starobelokurikha,659633,Russia,None
711,Summit,58421,Lidingö,181 72,Sweden,None
712,Dunning,7,Iwai,700-0046,Japan,None
713,Gateway,9,Nakhon Phanom,48000,Thailand,None
714,Grover,2324,Al Jubayhah,None,Jordan,None
715,Roth,5944,Semboropasar,None,Indonesia,None
716,Buell,366,Qingzhou,None,China,None
717,Mallory,9,Al Marsá,None,Tunisia,None
718,Jenifer,63,El Puente,None,Honduras,None
719,Briar Crest,43,Aleksandrów,26-337,Poland,None
720,Anzinger,78608,Khirbat Tīn Nūr,None,Syria,18th Floor
721,Steensland,0,Jintao,None,China,None
722,Mccormick,87,Dagou,None,China,None
723,Crest Line,830,Kotaagung,None,Indonesia,None
724,Nova,53,Tīrān,None,Iran,None
725,Hintze,24,Houping,None,China,None
726,Maple Wood,311,Asadābād,None,Afghanistan,None
727,Old Gate,4,Kazuno,877-1107,Japan,Apt 1825
728,Buena Vista,6,Kanie,498-0062,Japan,None
729,Springs,47416,Przeworsk,37-240,Poland,Apt 1321
730,Bayside,68108,Yekaterinovka,692974,Russia,None
731,Shoshone,2724,San Miguel,8301,Philippines,None
732,Paget,98143,Micheng,None,China,None
733,1st,959,Smyshlyayevka,461990,Russia,None
734,Sutteridge,54,Huyuan,None,China,None
735,Farragut,4,Heshang,None,China,None
736,Stone Corner,3,Vodnjan,52215,Croatia,None
737,Manley,7,Cergy-Pontoise,95032 CEDEX,France,None
738,Dapin,70,Tiecun,None,China,None
739,Northview,6,Kista,164 45,Sweden,None
740,Welch,4383,São João de Meriti,25500-000,Brazil,None
741,Pankratz,7,Anle,None,China,Apt 1374
742,Forest Dale,71,Mosar,None,Belarus,None
743,Sugar,46,Pengulu,None,Indonesia,Room 620
744,Graceland,396,Skanör,239 35,Sweden,None
745,Sullivan,71,Hedaru,None,Tanzania,None
746,Alpine,1,Bugojno,None,Bosnia and Herzegovina,None
747,Graedel,86,Hujia,None,China,None
748,Debs,9547,Paris 04,75195 CEDEX 04,France,None
749,2nd,2,Porvoo,6500,Finland,None
750,Ridgeway,91,San Buenaventura,None,Honduras,None
751,Heath,409,Al Manqaf,None,Kuwait,None
752,Bayside,5,Krajan Caluk,None,Indonesia,None
753,Red Cloud,96070,Shar,None,Kazakhstan,None
754,Memorial,36158,Jinchuan,None,China,None
755,2nd,36308,Goodlands,None,Mauritius,None
756,Gerald,96,Zapatero,None,Peru,None
757,Grayhawk,1,New Brunswick,8922,United States,None
758,Carpenter,53858,Kokhanava,None,Belarus,None
759,Crest Line,4486,Wenchang,None,China,None
760,Ruskin,199,Honghua’erji,None,China,None
761,3rd,65,Macapá,68900-000,Brazil,None
762,Del Sol,4,Lübeck,23568,Germany,None
763,Aberg,60988,Narva,None,Estonia,Apt 1292
764,Jenifer,3,Tyoply Stan,391237,Russia,None
765,Meadow Ridge,1109,Hepu,None,China,None
766,Surrey,16887,Laibin,None,China,None
767,Anhalt,23,Loacan,2612,Philippines,None
768,Amoth,89,Limulan,9808,Philippines,None
769,Express,6155,Xiangjiazhai,None,China,None
770,Mendota,6289,Corga,4960-330,Portugal,None
771,South,2438,Frutillar,None,Chile,None
772,Rieder,9456,Hengshui,None,China,None
773,Stuart,7,Waajid,None,Somalia,None
774,Stang,419,Barreiras,4990-434,Portugal,None
775,Granby,1921,Fagersta,737 42,Sweden,None
776,Kropf,223,Tiout,None,Morocco,None
777,Northfield,4501,Raas,None,Indonesia,None
778,Sunfield,189,Saint-Quentin-en-Yvelines,78897 CEDEX,France,None
779,Swallow,6,Aix-en-Provence,13592 CEDEX 3,France,None
780,Crownhardt,3,Wonotirto,None,Indonesia,None
781,Mayfield,5,Ostrowsko,34-432,Poland,None
782,Merry,799,Trelleborg,231 91,Sweden,None
783,Holmberg,8,Olympia,98506,United States,None
784,Stone Corner,605,Dujuuma,None,Somalia,None
785,Mcguire,43,Gezan,None,China,None
786,Sugar,1356,Qingxi,None,China,None
787,Becker,51528,Kalpáki,None,Greece,None
788,Arizona,1,San Isidro,8421,Philippines,None
789,Susan,5245,Cordon,3312,Philippines,None
790,Hoffman,4,Charenton-le-Pont,94224 CEDEX,France,None
791,Clove,30,Ibung,3605,Philippines,None
792,Dayton,96391,Blimbing,None,Indonesia,PO Box 17224
793,Forest Run,2,Pedro Juan Caballero,None,Paraguay,None
794,Pankratz,855,Paris La Défense,92974 CEDEX,France,None
795,Amoth,30,Qujing,None,China,None
796,Scoville,3,Quba,None,Azerbaijan,None
797,Leroy,96988,Marang,None,Indonesia,None
798,Rowland,6698,København,1410,Denmark,None
799,Goodland,78600,Bendo,None,Indonesia,None
800,Hooker,2,Banjarbaru,None,Indonesia,None
801,Karstens,49,Eskilstuna,635 01,Sweden,None
802,Sutteridge,0,Kansas City,64125,United States,None
803,David,59,Novosheshminsk,423190,Russia,None
804,Stang,4723,Atlanta,31119,United States,None
805,Clemons,5,Conceição do Jacuípe,44245-000,Brazil,PO Box 32569
806,Menomonie,7452,Baiquan,None,China,None
807,Muir,192,Xinwu,None,China,None
808,Bayside,18,Shreveport,71137,United States,None
809,Chinook,25755,Ruangwa,None,Tanzania,None
810,Fair Oaks,11315,Borūjerd,None,Iran,None
811,Gulseth,8,Harrismith,9885,South Africa,None
812,Sundown,5873,Shuanglong,None,China,None
813,Corry,55,Pingxiang,None,China,None
814,Cambridge,258,Alto del Espino,None,Panama,None
815,Warbler,64,Maha Sarakham,90160,Thailand,None
816,Granby,5,Prince Albert,6932,South Africa,None
817,Michigan,2,Gunungsari,None,Indonesia,None
818,Warbler,43,Sumber,None,Indonesia,None
819,Amoth,2,Cape Coast,None,Ghana,None
820,Bowman,16069,Zarumilla,None,Peru,None
821,Haas,45,Lastoursville,None,Gabon,None
822,Hoffman,9414,Alastaro,32441,Finland,None
823,Merchant,527,Babahoyo,None,Ecuador,8th Floor
824,Fair Oaks,5977,Iriga City,4431,Philippines,None
825,Ridgeway,81729,Myanaung,None,Myanmar,None
826,Nova,515,Kuntong,None,China,None
827,Kensington,6,Reda,84-240,Poland,Suite 52
828,Schurz,148,Baborów,48-120,Poland,None
829,Cottonwood,4,Ōtawara,329-3155,Japan,None
830,Oriole,22928,Pom Prap Sattru Phai,10100,Thailand,None
831,Ridge Oak,33658,Kukichūō,349-1148,Japan,None
832,Park Meadow,497,Thorpe,BD23,United Kingdom,None
833,Twin Pines,1935,Zhongxing,None,China,PO Box 47885
834,Orin,9051,Álvares Machado,19160-000,Brazil,None
835,Old Shore,353,Pasadena,91131,United States,None
836,Golf Course,20,Jince,262 23,Czech Republic,None
837,Sunbrook,41,Priyutovo,452189,Russia,None
838,Trailsway,173,Barengkok Hilir,None,Indonesia,PO Box 9984
839,Mccormick,88961,Datarnangka,None,Indonesia,None
840,Chive,35070,Itsandzéni,None,Comoros,None
841,Parkside,5,Doroslovo,None,Serbia,None
842,Mccormick,58639,Xinmin,None,China,None
843,Troy,0,Osieczany,32-432,Poland,None
844,Ryan,2,Jeminay,None,China,None
845,Vernon,818,Tiraspol,MD-3300,Moldova,None
846,Golf View,59838,Polowat,None,Micronesia,None
847,Lakewood,9,New York City,10125,United States,None
848,3rd,1096,Korolev,249087,Russia,None
849,Bartillon,10,Corinto,191569,Colombia,None
850,Morning,503,Guanbuqiao,None,China,None
851,Columbus,58,Leipzig,4317,Germany,None
852,Lerdahl,90293,Sungayang,None,Indonesia,None
853,Burrows,36536,Los Andes,None,Chile,PO Box 6270
854,Logan,318,Cradock,5884,South Africa,None
855,Dawn,54164,Damiku,None,China,None
856,Drewry,378,Chupa,186670,Russia,Apt 20
857,Hoffman,77425,Baoxing,None,China,None
858,Doe Crossing,8934,Ibaté,14815-000,Brazil,None
859,Moulton,3695,Strazhitsa,5179,Bulgaria,None
860,Mayer,1,Ängelholm,262 57,Sweden,None
861,Westridge,663,Dongling,None,China,None
862,Pearson,8849,Šumperk,787 01,Czech Republic,None
863,Briar Crest,70568,Sanshilipu,None,China,None
864,Kennedy,2956,Sucun,None,China,None
865,Stang,79,Mujiangping,None,China,None
866,Sachs,44935,Gromadka,59-706,Poland,None
867,Lakeland,876,Qiulu,None,China,Room 1939
868,Schmedeman,9,Lizhai,None,China,None
869,Kenwood,4183,San Jose,85227,Mexico,None
870,Del Mar,2449,Phichit,18000,Thailand,None
871,Katie,6109,Temperak,None,Indonesia,None
872,American,61227,Nunchía,851078,Colombia,None
873,Shoshone,0,Almaguer,194089,Colombia,None
874,Union,275,Burayevo,452960,Russia,None
875,Summer Ridge,0,Elliot,5460,South Africa,None
876,Mosinee,66,Permas,None,Indonesia,None
877,Browning,25722,Nanlü,None,China,None
878,Comanche,5,Tabia,None,Morocco,None
879,Welch,71826,Bellavista,37360,Mexico,None
880,Mandrake,8,Motrico,2826,Philippines,None
881,Hooker,140,Velyki Kopany,None,Ukraine,None
882,Dahle,70,Lidingö,181 36,Sweden,None
883,Milwaukee,264,Daxi,None,Taiwan,None
884,Heath,70533,Trélazé,49804 CEDEX,France,None
885,Division,686,Chaeryŏng-ŭp,None,North Korea,Room 1894
886,Anhalt,59,Łeba,84-360,Poland,None
887,Del Mar,6,Haczów,36-213,Poland,Apt 1036
888,Calypso,93,Cárdenas,None,Cuba,None
889,Toban,21810,Strängnäs,645 94,Sweden,None
890,Meadow Ridge,848,Tongxing,None,China,None
891,Pleasure,44,Caridade,7200-224,Portugal,None
892,Spaight,35,Pointe-Noire,None,Republic of the Congo,None
893,Novick,7,Rancabuaya,None,Indonesia,None
894,Dottie,0,Villejuif,94809 CEDEX,France,None
895,Erie,20501,Ya’ngan,None,China,None
896,Esch,864,Huxingshan,None,China,None
897,Eagan,401,Aoji-ri,None,North Korea,None
898,Fallview,3598,Suzano,08600-000,Brazil,None
899,South,193,Armenia,630008,Colombia,None
900,Grayhawk,600,Haliut,None,China,None
901,Northridge,895,Cariaco,None,Venezuela,None
902,Melby,39089,Lunao,5417,Philippines,None
903,Mesta,74,Norrköping,601 14,Sweden,18th Floor
904,Clemons,4,Strassen,L-8069,Luxembourg,None
905,Northwestern,9,Yueyang,None,China,None
906,Oriole,96,Dunaivtsi,None,Ukraine,None
907,Anthes,9587,Tacuatí,None,Paraguay,None
908,Reinke,45,Esposende,4740-010,Portugal,None
909,Crownhardt,776,Paizhou,None,China,None
910,American,97,Tanshi,None,China,None
911,School,6,San Jose del Monte,4502,Philippines,None
912,Division,217,Yingta,None,China,None
913,Waubesa,2499,Santa Bárbara de Padrões,7780-460,Portugal,None
914,Coolidge,840,Linxihe,None,China,None
915,Boyd,9595,Västervik,593 93,Sweden,Suite 74
916,Mitchell,41,Shekou,None,China,20th Floor
917,Graceland,5064,San Vicente,6419,Philippines,None
918,Talisman,15603,Veghel,5464,Netherlands,None
919,Victoria,49038,Praia das Maçãs,2705-126,Portugal,None
920,Larry,97024,Longsheng,None,China,None
921,Mcbride,6,Kedatuan,None,Indonesia,None
922,Goodland,9,Manning,V3A,Canada,None
923,Sundown,9,Solok,None,Indonesia,None
924,Green Ridge,2675,Rio das Ostras,28890-000,Brazil,None
925,3rd,41,Kouvola,45201,Finland,None
926,Birchwood,136,Petrich,2889,Bulgaria,None
927,Arrowood,807,Kruševica,35220,Croatia,None
928,Sullivan,68,Kołczygłowy,77-140,Poland,None
929,Twin Pines,10,Kuaro,None,Indonesia,None
930,International,4107,Salavat,453259,Russia,None
931,Packers,564,Jajce,None,Bosnia and Herzegovina,None
932,Springview,109,Alfenas,37130-000,Brazil,None
933,Spaight,5751,Lomba,3720-709,Portugal,None
934,Mandrake,17,Shanhou,None,China,None
935,Hanover,389,Xike,None,China,12th Floor
936,Steensland,44,Polunochnoye,624577,Russia,None
937,Elka,669,Talmest,None,Morocco,None
938,Scott,3,Nancun,None,China,None
939,Brickson Park,788,Satka,456918,Russia,None
940,Mcbride,558,Zharkent,None,Kazakhstan,None
941,West,98957,Almelo,7609,Netherlands,None
942,Warbler,5,Kanye,None,Botswana,None
943,Colorado,882,Espargos,None,Cape Verde,None
944,Mcguire,436,Kentau,None,Kazakhstan,None
945,Kingsford,911,As Suqaylibīyah,None,Syria,None
946,Upham,19,Jataí,75800-000,Brazil,10th Floor
947,Larry,22,Usman’,399373,Russia,None
948,Harper,7452,Milevsko,399 01,Czech Republic,None
949,Superior,4,Lubbock,79405,United States,None
950,Starling,61,Bojonghaur,None,Indonesia,None
951,Oak,5190,Géfyra,None,Greece,None
952,Huxley,7873,Sarmīn,None,Syria,None
953,Di Loreto,5,Hostouň,345 25,Czech Republic,None
954,Rockefeller,452,Guérande,44356 CEDEX,France,None
955,Nelson,1836,Rumbek,None,South Sudan,None
956,Clove,62,Mapalacsiao,2826,Philippines,Apt 667
957,Mitchell,7090,Rossosh’,689400,Russia,None
958,Eastwood,61612,Tanjung Timur,None,Indonesia,None
959,Bellgrove,8801,Ulsan,None,South Korea,None
960,Buena Vista,891,Ōzu,795-0089,Japan,None
961,Muir,2160,Isaka,None,Tanzania,None
962,Tennessee,377,Yongdong,None,China,None
963,Erie,23714,Anchorage,99599,United States,PO Box 76729
964,Farragut,6,General Alvear,3361,Argentina,None
965,Dunning,36001,Gaozhai,None,China,None
966,Mallory,49,Damāvand,None,Iran,Suite 71
967,Vahlen,901,Buenlag,2424,Philippines,None
968,Lakewood,3906,Almendra,5150-015,Portugal,None
969,Fairview,29,Dalovice,362 63,Czech Republic,None
970,Arrowood,605,Preobrazheniye,429500,Russia,None
971,Westport,94,Leśna Podlaska,21-542,Poland,None
972,Nova,3997,Syców,56-500,Poland,None
973,Dakota,366,Çlirim,None,Albania,None
974,Dakota,349,Oslo,361,Norway,None
975,Pearson,3441,Dongbian,None,China,None
976,Del Mar,9,Sakura,989-2433,Japan,None
977,Prairie Rose,55,Voskopojë,None,Albania,None
978,Hovde,222,Shizikeng,None,China,None
979,Marquette,710,Chenyangzhai,None,China,Apt 413
980,Moose,9827,Pendiqing,None,China,None
981,Hintze,9220,Villefranche-sur-Mer,06234 CEDEX,France,None
982,Monica,23,Changsha,None,China,None
983,Morning,1,Picoto,4830-073,Portugal,None
984,Troy,4495,Krajan Curahcotok,None,Indonesia,None
985,Westend,8,Główczyce,76-220,Poland,None
986,Upham,459,Anaco,None,Venezuela,None
987,Ridge Oak,56313,Gedongmulyo,None,Indonesia,None
988,Raven,4265,Renhe,None,China,None
989,Birchwood,248,Compiègne,60477 CEDEX,France,None
990,American,63,Ladário,79370-000,Brazil,Room 391
991,Portage,6,Jianli,None,China,None
992,Bartillon,9,Hua Sai,80170,Thailand,None
993,Grayhawk,84545,Zuya,None,Ukraine,None
994,Karstens,29,Espinal,733529,Colombia,None
995,Anthes,536,Ostrów Wielkopolski,63-417,Poland,None
996,Lillian,25,Sydney,1043,Australia,None
997,Blue Bill Park,4539,Mentaras,None,Indonesia,None
998,Coleman,972,Russeifa,None,Jordan,None
999,Tennyson,1724,Shah Alam,40582,Malaysia,None
1000,American,84,Pocora,70603,Costa Rica,None
1001,Vidy,4,Lausanne,1000,Switzerland,None